scene01,rgb-0001.jpg,depth-0001.jpg
scene01,rgb-0002.jpg,depth-0002.jpg
scene01,rgb-0003.jpg,depth-0003.jpg
scene01,rgb-0004.jpg,depth-0004.jpg
scene01,rgb-0005.jpg,depth-0005.jpg
scene01,rgb-0006.jpg,depth-0006.jpg
scene01,rgb-0007.jpg,depth-0007.jpg
scene01,rgb-0008.jpg,depth-0008.jpg
scene01,rgb-0009.jpg,depth-0009.jpg
scene01,rgb-0010.jpg,depth-0010.jpg
scene01,rgb-0011.jpg,depth-0011.jpg
scene01,rgb-0012.jpg,depth-0012.jpg
scene01,rgb-0013.jpg,depth-0013.jpg
scene01,rgb-0014.jpg,depth-0014.jpg
scene01,rgb-0015.jpg,depth-0015.jpg
scene01,rgb-0016.jpg,depth-0016.jpg
scene01,rgb-0017.jpg,depth-0017.jpg
scene01,rgb-0018.jpg,depth-0018.jpg
scene01,rgb-0019.jpg,depth-0019.jpg
scene01,rgb-0020.jpg,depth-0020.jpg
scene01,rgb-0021.jpg,depth-0021.jpg
scene01,rgb-0022.jpg,depth-0022.jpg
scene01,rgb-0023.jpg,depth-0023.jpg
scene01,rgb-0024.jpg,depth-0024.jpg
scene01,rgb-0025.jpg,depth-0025.jpg
scene01,rgb-0026.jpg,depth-0026.jpg
scene01,rgb-0027.jpg,depth-0027.jpg
scene01,rgb-0028.jpg,depth-0028.jpg
scene01,rgb-0029.jpg,depth-0029.jpg
scene01,rgb-0030.jpg,depth-0030.jpg
scene01,rgb-0031.jpg,depth-0031.jpg
scene01,rgb-0032.jpg,depth-0032.jpg
scene01,rgb-0033.jpg,depth-0033.jpg
scene01,rgb-0034.jpg,depth-0034.jpg
scene01,rgb-0035.jpg,depth-0035.jpg
scene01,rgb-0036.jpg,depth-0036.jpg
scene01,rgb-0037.jpg,depth-0037.jpg
scene01,rgb-0038.jpg,depth-0038.jpg
scene01,rgb-0039.jpg,depth-0039.jpg
scene01,rgb-0040.jpg,depth-0040.jpg
scene01,rgb-0041.jpg,depth-0041.jpg
scene01,rgb-0042.jpg,depth-0042.jpg
scene01,rgb-0043.jpg,depth-0043.jpg
scene01,rgb-0044.jpg,depth-0044.jpg
scene01,rgb-0045.jpg,depth-0045.jpg
scene01,rgb-0046.jpg,depth-0046.jpg
scene01,rgb-0047.jpg,depth-0047.jpg
scene01,rgb-0048.jpg,depth-0048.jpg
scene01,rgb-0049.jpg,depth-0049.jpg
scene01,rgb-0050.jpg,depth-0050.jpg
scene01,rgb-0051.jpg,depth-0051.jpg
scene01,rgb-0052.jpg,depth-0052.jpg
scene01,rgb-0053.jpg,depth-0053.jpg
scene01,rgb-0054.jpg,depth-0054.jpg
scene01,rgb-0055.jpg,depth-0055.jpg
scene01,rgb-0056.jpg,depth-0056.jpg
scene01,rgb-0057.jpg,depth-0057.jpg
scene01,rgb-0058.jpg,depth-0058.jpg
scene01,rgb-0059.jpg,depth-0059.jpg
scene01,rgb-0060.jpg,depth-0060.jpg
scene01,rgb-0061.jpg,depth-0061.jpg
scene01,rgb-0062.jpg,depth-0062.jpg
scene01,rgb-0063.jpg,depth-0063.jpg
scene01,rgb-0064.jpg,depth-0064.jpg
scene01,rgb-0065.jpg,depth-0065.jpg
scene01,rgb-0066.jpg,depth-0066.jpg
scene01,rgb-0067.jpg,depth-0067.jpg
scene01,rgb-0068.jpg,depth-0068.jpg
scene01,rgb-0069.jpg,depth-0069.jpg
scene01,rgb-0070.jpg,depth-0070.jpg
scene01,rgb-0071.jpg,depth-0071.jpg
scene01,rgb-0072.jpg,depth-0072.jpg
scene01,rgb-0073.jpg,depth-0073.jpg
scene01,rgb-0074.jpg,depth-0074.jpg
scene01,rgb-0075.jpg,depth-0075.jpg
scene01,rgb-0076.jpg,depth-0076.jpg
scene01,rgb-0077.jpg,depth-0077.jpg
scene01,rgb-0078.jpg,depth-0078.jpg
scene01,rgb-0079.jpg,depth-0079.jpg
scene01,rgb-0080.jpg,depth-0080.jpg
scene01,rgb-0081.jpg,depth-0081.jpg
scene01,rgb-0082.jpg,depth-0082.jpg
scene01,rgb-0083.jpg,depth-0083.jpg
scene01,rgb-0084.jpg,depth-0084.jpg
scene01,rgb-0085.jpg,depth-0085.jpg
scene01,rgb-0086.jpg,depth-0086.jpg
scene01,rgb-0087.jpg,depth-0087.jpg
scene01,rgb-0088.jpg,depth-0088.jpg
scene01,rgb-0089.jpg,depth-0089.jpg
scene01,rgb-0090.jpg,depth-0090.jpg
scene01,rgb-0091.jpg,depth-0091.jpg
scene01,rgb-0092.jpg,depth-0092.jpg
scene01,rgb-0093.jpg,depth-0093.jpg
scene01,rgb-0094.jpg,depth-0094.jpg
scene01,rgb-0095.jpg,depth-0095.jpg
scene01,rgb-0096.jpg,depth-0096.jpg
scene01,rgb-0097.jpg,depth-0097.jpg
scene01,rgb-0098.jpg,depth-0098.jpg
scene01,rgb-0099.jpg,depth-0099.jpg
scene01,rgb-0100.jpg,depth-0100.jpg
scene01,rgb-0101.jpg,depth-0101.jpg
scene01,rgb-0102.jpg,depth-0102.jpg
scene01,rgb-0103.jpg,depth-0103.jpg
scene01,rgb-0104.jpg,depth-0104.jpg
scene01,rgb-0105.jpg,depth-0105.jpg
scene01,rgb-0106.jpg,depth-0106.jpg
scene01,rgb-0107.jpg,depth-0107.jpg
scene01,rgb-0108.jpg,depth-0108.jpg
scene01,rgb-0109.jpg,depth-0109.jpg
scene01,rgb-0110.jpg,depth-0110.jpg
scene01,rgb-0111.jpg,depth-0111.jpg
scene01,rgb-0112.jpg,depth-0112.jpg
scene01,rgb-0113.jpg,depth-0113.jpg
scene01,rgb-0114.jpg,depth-0114.jpg
scene01,rgb-0115.jpg,depth-0115.jpg
scene01,rgb-0116.jpg,depth-0116.jpg
scene01,rgb-0117.jpg,depth-0117.jpg
scene01,rgb-0118.jpg,depth-0118.jpg
scene01,rgb-0119.jpg,depth-0119.jpg
scene01,rgb-0120.jpg,depth-0120.jpg
scene01,rgb-0121.jpg,depth-0121.jpg
scene01,rgb-0122.jpg,depth-0122.jpg
scene01,rgb-0123.jpg,depth-0123.jpg
scene01,rgb-0124.jpg,depth-0124.jpg
scene01,rgb-0125.jpg,depth-0125.jpg
scene01,rgb-0126.jpg,depth-0126.jpg
scene01,rgb-0127.jpg,depth-0127.jpg
scene01,rgb-0128.jpg,depth-0128.jpg
scene01,rgb-0129.jpg,depth-0129.jpg
scene01,rgb-0130.jpg,depth-0130.jpg
scene01,rgb-0131.jpg,depth-0131.jpg
scene01,rgb-0132.jpg,depth-0132.jpg
scene01,rgb-0133.jpg,depth-0133.jpg
scene01,rgb-0134.jpg,depth-0134.jpg
scene01,rgb-0135.jpg,depth-0135.jpg
scene01,rgb-0136.jpg,depth-0136.jpg
scene01,rgb-0137.jpg,depth-0137.jpg
scene01,rgb-0138.jpg,depth-0138.jpg
scene01,rgb-0139.jpg,depth-0139.jpg
scene01,rgb-0140.jpg,depth-0140.jpg
scene01,rgb-0141.jpg,depth-0141.jpg
scene01,rgb-0142.jpg,depth-0142.jpg
scene01,rgb-0143.jpg,depth-0143.jpg
scene01,rgb-0144.jpg,depth-0144.jpg
scene01,rgb-0145.jpg,depth-0145.jpg
scene01,rgb-0146.jpg,depth-0146.jpg
scene01,rgb-0147.jpg,depth-0147.jpg
scene01,rgb-0148.jpg,depth-0148.jpg
scene01,rgb-0149.jpg,depth-0149.jpg
scene01,rgb-0150.jpg,depth-0150.jpg
scene01,rgb-0151.jpg,depth-0151.jpg
scene01,rgb-0152.jpg,depth-0152.jpg
scene01,rgb-0153.jpg,depth-0153.jpg
scene01,rgb-0154.jpg,depth-0154.jpg
scene01,rgb-0155.jpg,depth-0155.jpg
scene01,rgb-0156.jpg,depth-0156.jpg
scene01,rgb-0157.jpg,depth-0157.jpg
scene01,rgb-0158.jpg,depth-0158.jpg
scene01,rgb-0159.jpg,depth-0159.jpg
scene01,rgb-0160.jpg,depth-0160.jpg
scene01,rgb-0161.jpg,depth-0161.jpg
scene01,rgb-0162.jpg,depth-0162.jpg
scene01,rgb-0163.jpg,depth-0163.jpg
scene01,rgb-0164.jpg,depth-0164.jpg
scene01,rgb-0165.jpg,depth-0165.jpg
scene01,rgb-0166.jpg,depth-0166.jpg
scene01,rgb-0167.jpg,depth-0167.jpg
scene01,rgb-0168.jpg,depth-0168.jpg
scene01,rgb-0169.jpg,depth-0169.jpg
scene01,rgb-0170.jpg,depth-0170.jpg
scene01,rgb-0171.jpg,depth-0171.jpg
scene01,rgb-0172.jpg,depth-0172.jpg
scene01,rgb-0173.jpg,depth-0173.jpg
scene01,rgb-0174.jpg,depth-0174.jpg
scene01,rgb-0175.jpg,depth-0175.jpg
scene01,rgb-0176.jpg,depth-0176.jpg
scene01,rgb-0177.jpg,depth-0177.jpg
scene01,rgb-0178.jpg,depth-0178.jpg
scene01,rgb-0179.jpg,depth-0179.jpg
scene01,rgb-0180.jpg,depth-0180.jpg
scene01,rgb-0181.jpg,depth-0181.jpg
scene01,rgb-0182.jpg,depth-0182.jpg
scene01,rgb-0183.jpg,depth-0183.jpg
scene01,rgb-0184.jpg,depth-0184.jpg
scene01,rgb-0185.jpg,depth-0185.jpg
scene01,rgb-0186.jpg,depth-0186.jpg
scene01,rgb-0187.jpg,depth-0187.jpg
scene01,rgb-0188.jpg,depth-0188.jpg
scene01,rgb-0189.jpg,depth-0189.jpg
scene01,rgb-0190.jpg,depth-0190.jpg
scene01,rgb-0191.jpg,depth-0191.jpg
scene01,rgb-0192.jpg,depth-0192.jpg
scene01,rgb-0193.jpg,depth-0193.jpg
scene01,rgb-0194.jpg,depth-0194.jpg
scene01,rgb-0195.jpg,depth-0195.jpg
scene01,rgb-0196.jpg,depth-0196.jpg
scene01,rgb-0197.jpg,depth-0197.jpg
scene01,rgb-0198.jpg,depth-0198.jpg
scene01,rgb-0199.jpg,depth-0199.jpg
scene01,rgb-0200.jpg,depth-0200.jpg
scene01,rgb-0201.jpg,depth-0201.jpg
scene01,rgb-0202.jpg,depth-0202.jpg
scene01,rgb-0203.jpg,depth-0203.jpg
scene01,rgb-0204.jpg,depth-0204.jpg
scene01,rgb-0205.jpg,depth-0205.jpg
scene01,rgb-0206.jpg,depth-0206.jpg
scene01,rgb-0207.jpg,depth-0207.jpg
scene01,rgb-0208.jpg,depth-0208.jpg
scene01,rgb-0209.jpg,depth-0209.jpg
scene01,rgb-0210.jpg,depth-0210.jpg
scene01,rgb-0211.jpg,depth-0211.jpg
scene01,rgb-0212.jpg,depth-0212.jpg
scene01,rgb-0213.jpg,depth-0213.jpg
scene01,rgb-0214.jpg,depth-0214.jpg
scene01,rgb-0215.jpg,depth-0215.jpg
scene01,rgb-0216.jpg,depth-0216.jpg
scene01,rgb-0217.jpg,depth-0217.jpg
scene01,rgb-0218.jpg,depth-0218.jpg
scene01,rgb-0219.jpg,depth-0219.jpg
scene01,rgb-0220.jpg,depth-0220.jpg
scene01,rgb-0221.jpg,depth-0221.jpg
scene01,rgb-0222.jpg,depth-0222.jpg
scene01,rgb-0223.jpg,depth-0223.jpg
scene01,rgb-0224.jpg,depth-0224.jpg
scene01,rgb-0225.jpg,depth-0225.jpg
scene01,rgb-0226.jpg,depth-0226.jpg
scene01,rgb-0227.jpg,depth-0227.jpg
scene02,rgb-0001.jpg,depth-0001.jpg
scene02,rgb-0002.jpg,depth-0002.jpg
scene02,rgb-0003.jpg,depth-0003.jpg
scene02,rgb-0004.jpg,depth-0004.jpg
scene02,rgb-0005.jpg,depth-0005.jpg
scene02,rgb-0006.jpg,depth-0006.jpg
scene02,rgb-0007.jpg,depth-0007.jpg
scene02,rgb-0008.jpg,depth-0008.jpg
scene02,rgb-0009.jpg,depth-0009.jpg
scene02,rgb-0010.jpg,depth-0010.jpg
scene02,rgb-0011.jpg,depth-0011.jpg
scene02,rgb-0012.jpg,depth-0012.jpg
scene02,rgb-0013.jpg,depth-0013.jpg
scene02,rgb-0014.jpg,depth-0014.jpg
scene02,rgb-0015.jpg,depth-0015.jpg
scene02,rgb-0016.jpg,depth-0016.jpg
scene02,rgb-0017.jpg,depth-0017.jpg
scene02,rgb-0018.jpg,depth-0018.jpg
scene02,rgb-0019.jpg,depth-0019.jpg
scene02,rgb-0020.jpg,depth-0020.jpg
scene02,rgb-0021.jpg,depth-0021.jpg
scene02,rgb-0022.jpg,depth-0022.jpg
scene02,rgb-0023.jpg,depth-0023.jpg
scene02,rgb-0024.jpg,depth-0024.jpg
scene02,rgb-0025.jpg,depth-0025.jpg
scene02,rgb-0026.jpg,depth-0026.jpg
scene02,rgb-0027.jpg,depth-0027.jpg
scene02,rgb-0028.jpg,depth-0028.jpg
scene02,rgb-0029.jpg,depth-0029.jpg
scene02,rgb-0030.jpg,depth-0030.jpg
scene02,rgb-0031.jpg,depth-0031.jpg
scene02,rgb-0032.jpg,depth-0032.jpg
scene02,rgb-0033.jpg,depth-0033.jpg
scene02,rgb-0034.jpg,depth-0034.jpg
scene02,rgb-0035.jpg,depth-0035.jpg
scene02,rgb-0036.jpg,depth-0036.jpg
scene02,rgb-0037.jpg,depth-0037.jpg
scene02,rgb-0038.jpg,depth-0038.jpg
scene02,rgb-0039.jpg,depth-0039.jpg
scene02,rgb-0040.jpg,depth-0040.jpg
scene02,rgb-0041.jpg,depth-0041.jpg
scene02,rgb-0042.jpg,depth-0042.jpg
scene02,rgb-0043.jpg,depth-0043.jpg
scene02,rgb-0044.jpg,depth-0044.jpg
scene02,rgb-0045.jpg,depth-0045.jpg
scene02,rgb-0046.jpg,depth-0046.jpg
scene02,rgb-0047.jpg,depth-0047.jpg
scene02,rgb-0048.jpg,depth-0048.jpg
scene02,rgb-0049.jpg,depth-0049.jpg
scene02,rgb-0050.jpg,depth-0050.jpg
scene02,rgb-0051.jpg,depth-0051.jpg
scene02,rgb-0052.jpg,depth-0052.jpg
scene02,rgb-0053.jpg,depth-0053.jpg
scene02,rgb-0054.jpg,depth-0054.jpg
scene02,rgb-0055.jpg,depth-0055.jpg
scene02,rgb-0056.jpg,depth-0056.jpg
scene02,rgb-0057.jpg,depth-0057.jpg
scene02,rgb-0058.jpg,depth-0058.jpg
scene02,rgb-0059.jpg,depth-0059.jpg
scene02,rgb-0060.jpg,depth-0060.jpg
scene02,rgb-0061.jpg,depth-0061.jpg
scene02,rgb-0062.jpg,depth-0062.jpg
scene02,rgb-0063.jpg,depth-0063.jpg
scene02,rgb-0064.jpg,depth-0064.jpg
scene02,rgb-0065.jpg,depth-0065.jpg
scene02,rgb-0066.jpg,depth-0066.jpg
scene02,rgb-0067.jpg,depth-0067.jpg
scene02,rgb-0068.jpg,depth-0068.jpg
scene02,rgb-0069.jpg,depth-0069.jpg
scene02,rgb-0070.jpg,depth-0070.jpg
scene02,rgb-0071.jpg,depth-0071.jpg
scene02,rgb-0072.jpg,depth-0072.jpg
scene02,rgb-0073.jpg,depth-0073.jpg
scene02,rgb-0074.jpg,depth-0074.jpg
scene02,rgb-0075.jpg,depth-0075.jpg
scene02,rgb-0076.jpg,depth-0076.jpg
scene02,rgb-0077.jpg,depth-0077.jpg
scene02,rgb-0078.jpg,depth-0078.jpg
scene02,rgb-0079.jpg,depth-0079.jpg
scene02,rgb-0080.jpg,depth-0080.jpg
scene02,rgb-0081.jpg,depth-0081.jpg
scene02,rgb-0082.jpg,depth-0082.jpg
scene02,rgb-0083.jpg,depth-0083.jpg
scene02,rgb-0084.jpg,depth-0084.jpg
scene02,rgb-0085.jpg,depth-0085.jpg
scene02,rgb-0086.jpg,depth-0086.jpg
scene02,rgb-0087.jpg,depth-0087.jpg
scene02,rgb-0088.jpg,depth-0088.jpg
scene02,rgb-0089.jpg,depth-0089.jpg
scene02,rgb-0090.jpg,depth-0090.jpg
scene02,rgb-0091.jpg,depth-0091.jpg
scene02,rgb-0092.jpg,depth-0092.jpg
scene02,rgb-0093.jpg,depth-0093.jpg
scene02,rgb-0094.jpg,depth-0094.jpg
scene02,rgb-0095.jpg,depth-0095.jpg
scene02,rgb-0096.jpg,depth-0096.jpg
scene02,rgb-0097.jpg,depth-0097.jpg
scene02,rgb-0098.jpg,depth-0098.jpg
scene02,rgb-0099.jpg,depth-0099.jpg
scene02,rgb-0100.jpg,depth-0100.jpg
scene02,rgb-0101.jpg,depth-0101.jpg
scene02,rgb-0102.jpg,depth-0102.jpg
scene02,rgb-0103.jpg,depth-0103.jpg
scene02,rgb-0104.jpg,depth-0104.jpg
scene02,rgb-0105.jpg,depth-0105.jpg
scene02,rgb-0106.jpg,depth-0106.jpg
scene02,rgb-0107.jpg,depth-0107.jpg
scene02,rgb-0108.jpg,depth-0108.jpg
scene02,rgb-0109.jpg,depth-0109.jpg
scene02,rgb-0110.jpg,depth-0110.jpg
scene02,rgb-0111.jpg,depth-0111.jpg
scene02,rgb-0112.jpg,depth-0112.jpg
scene02,rgb-0113.jpg,depth-0113.jpg
scene02,rgb-0114.jpg,depth-0114.jpg
scene02,rgb-0115.jpg,depth-0115.jpg
scene02,rgb-0116.jpg,depth-0116.jpg
scene02,rgb-0117.jpg,depth-0117.jpg
scene02,rgb-0118.jpg,depth-0118.jpg
scene02,rgb-0119.jpg,depth-0119.jpg
scene02,rgb-0120.jpg,depth-0120.jpg
scene02,rgb-0121.jpg,depth-0121.jpg
scene02,rgb-0122.jpg,depth-0122.jpg
scene02,rgb-0123.jpg,depth-0123.jpg
scene02,rgb-0124.jpg,depth-0124.jpg
scene02,rgb-0125.jpg,depth-0125.jpg
scene02,rgb-0126.jpg,depth-0126.jpg
scene02,rgb-0127.jpg,depth-0127.jpg
scene02,rgb-0128.jpg,depth-0128.jpg
scene02,rgb-0129.jpg,depth-0129.jpg
scene02,rgb-0130.jpg,depth-0130.jpg
scene02,rgb-0131.jpg,depth-0131.jpg
scene02,rgb-0132.jpg,depth-0132.jpg
scene02,rgb-0133.jpg,depth-0133.jpg
scene02,rgb-0134.jpg,depth-0134.jpg
scene02,rgb-0135.jpg,depth-0135.jpg
scene02,rgb-0136.jpg,depth-0136.jpg
scene02,rgb-0137.jpg,depth-0137.jpg
scene02,rgb-0138.jpg,depth-0138.jpg
scene02,rgb-0139.jpg,depth-0139.jpg
scene02,rgb-0140.jpg,depth-0140.jpg
scene02,rgb-0141.jpg,depth-0141.jpg
scene02,rgb-0142.jpg,depth-0142.jpg
scene02,rgb-0143.jpg,depth-0143.jpg
scene02,rgb-0144.jpg,depth-0144.jpg
scene02,rgb-0145.jpg,depth-0145.jpg
scene02,rgb-0146.jpg,depth-0146.jpg
scene02,rgb-0147.jpg,depth-0147.jpg
scene02,rgb-0148.jpg,depth-0148.jpg
scene02,rgb-0149.jpg,depth-0149.jpg
scene02,rgb-0150.jpg,depth-0150.jpg
scene02,rgb-0151.jpg,depth-0151.jpg
scene02,rgb-0152.jpg,depth-0152.jpg
scene02,rgb-0153.jpg,depth-0153.jpg
scene02,rgb-0154.jpg,depth-0154.jpg
scene02,rgb-0155.jpg,depth-0155.jpg
scene02,rgb-0156.jpg,depth-0156.jpg
scene02,rgb-0157.jpg,depth-0157.jpg
scene02,rgb-0158.jpg,depth-0158.jpg
scene02,rgb-0159.jpg,depth-0159.jpg
scene02,rgb-0160.jpg,depth-0160.jpg
scene02,rgb-0161.jpg,depth-0161.jpg
scene02,rgb-0162.jpg,depth-0162.jpg
scene02,rgb-0163.jpg,depth-0163.jpg
scene02,rgb-0164.jpg,depth-0164.jpg
scene02,rgb-0165.jpg,depth-0165.jpg
scene02,rgb-0166.jpg,depth-0166.jpg
scene02,rgb-0167.jpg,depth-0167.jpg
scene02,rgb-0168.jpg,depth-0168.jpg
scene02,rgb-0169.jpg,depth-0169.jpg
scene02,rgb-0170.jpg,depth-0170.jpg
scene02,rgb-0171.jpg,depth-0171.jpg
scene02,rgb-0172.jpg,depth-0172.jpg
scene02,rgb-0173.jpg,depth-0173.jpg
scene02,rgb-0174.jpg,depth-0174.jpg
scene02,rgb-0175.jpg,depth-0175.jpg
scene02,rgb-0176.jpg,depth-0176.jpg
scene02,rgb-0177.jpg,depth-0177.jpg
scene02,rgb-0178.jpg,depth-0178.jpg
scene02,rgb-0179.jpg,depth-0179.jpg
scene02,rgb-0180.jpg,depth-0180.jpg
scene02,rgb-0181.jpg,depth-0181.jpg
scene02,rgb-0182.jpg,depth-0182.jpg
scene02,rgb-0183.jpg,depth-0183.jpg
scene02,rgb-0184.jpg,depth-0184.jpg
scene02,rgb-0185.jpg,depth-0185.jpg
scene02,rgb-0186.jpg,depth-0186.jpg
scene02,rgb-0187.jpg,depth-0187.jpg
scene02,rgb-0188.jpg,depth-0188.jpg
scene02,rgb-0189.jpg,depth-0189.jpg
scene02,rgb-0190.jpg,depth-0190.jpg
scene02,rgb-0191.jpg,depth-0191.jpg
scene02,rgb-0192.jpg,depth-0192.jpg
scene02,rgb-0193.jpg,depth-0193.jpg
scene02,rgb-0194.jpg,depth-0194.jpg
scene02,rgb-0195.jpg,depth-0195.jpg
scene02,rgb-0196.jpg,depth-0196.jpg
scene02,rgb-0197.jpg,depth-0197.jpg
scene02,rgb-0198.jpg,depth-0198.jpg
scene02,rgb-0199.jpg,depth-0199.jpg
scene02,rgb-0200.jpg,depth-0200.jpg
scene02,rgb-0201.jpg,depth-0201.jpg
scene02,rgb-0202.jpg,depth-0202.jpg
scene02,rgb-0203.jpg,depth-0203.jpg
scene02,rgb-0204.jpg,depth-0204.jpg
scene02,rgb-0205.jpg,depth-0205.jpg
scene02,rgb-0206.jpg,depth-0206.jpg
scene02,rgb-0207.jpg,depth-0207.jpg
scene02,rgb-0208.jpg,depth-0208.jpg
scene02,rgb-0209.jpg,depth-0209.jpg
scene02,rgb-0210.jpg,depth-0210.jpg
scene02,rgb-0211.jpg,depth-0211.jpg
scene02,rgb-0212.jpg,depth-0212.jpg
scene02,rgb-0213.jpg,depth-0213.jpg
scene02,rgb-0214.jpg,depth-0214.jpg
scene02,rgb-0215.jpg,depth-0215.jpg
scene02,rgb-0216.jpg,depth-0216.jpg
scene02,rgb-0217.jpg,depth-0217.jpg
scene02,rgb-0218.jpg,depth-0218.jpg
scene02,rgb-0219.jpg,depth-0219.jpg
scene02,rgb-0220.jpg,depth-0220.jpg
scene02,rgb-0221.jpg,depth-0221.jpg
scene02,rgb-0222.jpg,depth-0222.jpg
scene02,rgb-0223.jpg,depth-0223.jpg
scene02,rgb-0224.jpg,depth-0224.jpg
scene02,rgb-0225.jpg,depth-0225.jpg
scene02,rgb-0226.jpg,depth-0226.jpg
scene02,rgb-0227.jpg,depth-0227.jpg
scene02,rgb-0228.jpg,depth-0228.jpg
scene02,rgb-0229.jpg,depth-0229.jpg
scene02,rgb-0230.jpg,depth-0230.jpg
scene02,rgb-0231.jpg,depth-0231.jpg
scene02,rgb-0232.jpg,depth-0232.jpg
scene02,rgb-0233.jpg,depth-0233.jpg
scene02,rgb-0234.jpg,depth-0234.jpg
scene02,rgb-0235.jpg,depth-0235.jpg
scene02,rgb-0236.jpg,depth-0236.jpg
scene02,rgb-0237.jpg,depth-0237.jpg
scene02,rgb-0238.jpg,depth-0238.jpg
scene02,rgb-0239.jpg,depth-0239.jpg
scene02,rgb-0240.jpg,depth-0240.jpg
scene02,rgb-0241.jpg,depth-0241.jpg
scene02,rgb-0242.jpg,depth-0242.jpg
scene02,rgb-0243.jpg,depth-0243.jpg
scene02,rgb-0244.jpg,depth-0244.jpg
scene03,rgb-0001.jpg,depth-0001.jpg
scene03,rgb-0002.jpg,depth-0002.jpg
scene03,rgb-0003.jpg,depth-0003.jpg
scene03,rgb-0004.jpg,depth-0004.jpg
scene03,rgb-0005.jpg,depth-0005.jpg
scene03,rgb-0006.jpg,depth-0006.jpg
scene03,rgb-0007.jpg,depth-0007.jpg
scene03,rgb-0008.jpg,depth-0008.jpg
scene03,rgb-0009.jpg,depth-0009.jpg
scene03,rgb-0010.jpg,depth-0010.jpg
scene03,rgb-0011.jpg,depth-0011.jpg
scene03,rgb-0012.jpg,depth-0012.jpg
scene03,rgb-0013.jpg,depth-0013.jpg
scene03,rgb-0014.jpg,depth-0014.jpg
scene03,rgb-0015.jpg,depth-0015.jpg
scene03,rgb-0016.jpg,depth-0016.jpg
scene03,rgb-0017.jpg,depth-0017.jpg
scene03,rgb-0018.jpg,depth-0018.jpg
scene03,rgb-0019.jpg,depth-0019.jpg
scene03,rgb-0020.jpg,depth-0020.jpg
scene03,rgb-0021.jpg,depth-0021.jpg
scene03,rgb-0022.jpg,depth-0022.jpg
scene03,rgb-0023.jpg,depth-0023.jpg
scene03,rgb-0024.jpg,depth-0024.jpg
scene03,rgb-0025.jpg,depth-0025.jpg
scene03,rgb-0026.jpg,depth-0026.jpg
scene03,rgb-0027.jpg,depth-0027.jpg
scene03,rgb-0028.jpg,depth-0028.jpg
scene03,rgb-0029.jpg,depth-0029.jpg
scene03,rgb-0030.jpg,depth-0030.jpg
scene03,rgb-0031.jpg,depth-0031.jpg
scene03,rgb-0032.jpg,depth-0032.jpg
scene03,rgb-0033.jpg,depth-0033.jpg
scene03,rgb-0034.jpg,depth-0034.jpg
scene03,rgb-0035.jpg,depth-0035.jpg
scene03,rgb-0036.jpg,depth-0036.jpg
scene03,rgb-0037.jpg,depth-0037.jpg
scene03,rgb-0038.jpg,depth-0038.jpg
scene03,rgb-0039.jpg,depth-0039.jpg
scene03,rgb-0040.jpg,depth-0040.jpg
scene03,rgb-0041.jpg,depth-0041.jpg
scene03,rgb-0042.jpg,depth-0042.jpg
scene03,rgb-0043.jpg,depth-0043.jpg
scene03,rgb-0044.jpg,depth-0044.jpg
scene03,rgb-0045.jpg,depth-0045.jpg
scene03,rgb-0046.jpg,depth-0046.jpg
scene03,rgb-0047.jpg,depth-0047.jpg
scene03,rgb-0048.jpg,depth-0048.jpg
scene03,rgb-0049.jpg,depth-0049.jpg
scene03,rgb-0050.jpg,depth-0050.jpg
scene03,rgb-0051.jpg,depth-0051.jpg
scene03,rgb-0052.jpg,depth-0052.jpg
scene03,rgb-0053.jpg,depth-0053.jpg
scene03,rgb-0054.jpg,depth-0054.jpg
scene03,rgb-0055.jpg,depth-0055.jpg
scene03,rgb-0056.jpg,depth-0056.jpg
scene03,rgb-0057.jpg,depth-0057.jpg
scene03,rgb-0058.jpg,depth-0058.jpg
scene03,rgb-0059.jpg,depth-0059.jpg
scene03,rgb-0060.jpg,depth-0060.jpg
scene03,rgb-0061.jpg,depth-0061.jpg
scene03,rgb-0062.jpg,depth-0062.jpg
scene03,rgb-0063.jpg,depth-0063.jpg
scene03,rgb-0064.jpg,depth-0064.jpg
scene03,rgb-0065.jpg,depth-0065.jpg
scene03,rgb-0066.jpg,depth-0066.jpg
scene03,rgb-0067.jpg,depth-0067.jpg
scene03,rgb-0068.jpg,depth-0068.jpg
scene03,rgb-0069.jpg,depth-0069.jpg
scene03,rgb-0070.jpg,depth-0070.jpg
scene03,rgb-0071.jpg,depth-0071.jpg
scene03,rgb-0072.jpg,depth-0072.jpg
scene03,rgb-0073.jpg,depth-0073.jpg
scene03,rgb-0074.jpg,depth-0074.jpg
scene03,rgb-0075.jpg,depth-0075.jpg
scene03,rgb-0076.jpg,depth-0076.jpg
scene03,rgb-0077.jpg,depth-0077.jpg
scene03,rgb-0078.jpg,depth-0078.jpg
scene03,rgb-0079.jpg,depth-0079.jpg
scene03,rgb-0080.jpg,depth-0080.jpg
scene03,rgb-0081.jpg,depth-0081.jpg
scene03,rgb-0082.jpg,depth-0082.jpg
scene03,rgb-0083.jpg,depth-0083.jpg
scene03,rgb-0084.jpg,depth-0084.jpg
scene03,rgb-0085.jpg,depth-0085.jpg
scene03,rgb-0086.jpg,depth-0086.jpg
scene03,rgb-0087.jpg,depth-0087.jpg
scene03,rgb-0088.jpg,depth-0088.jpg
scene03,rgb-0089.jpg,depth-0089.jpg
scene03,rgb-0090.jpg,depth-0090.jpg
scene03,rgb-0091.jpg,depth-0091.jpg
scene03,rgb-0092.jpg,depth-0092.jpg
scene03,rgb-0093.jpg,depth-0093.jpg
scene03,rgb-0094.jpg,depth-0094.jpg
scene03,rgb-0095.jpg,depth-0095.jpg
scene03,rgb-0096.jpg,depth-0096.jpg
scene03,rgb-0097.jpg,depth-0097.jpg
scene03,rgb-0098.jpg,depth-0098.jpg
scene03,rgb-0099.jpg,depth-0099.jpg
scene03,rgb-0100.jpg,depth-0100.jpg
scene03,rgb-0101.jpg,depth-0101.jpg
scene03,rgb-0102.jpg,depth-0102.jpg
scene03,rgb-0103.jpg,depth-0103.jpg
scene03,rgb-0104.jpg,depth-0104.jpg
scene03,rgb-0105.jpg,depth-0105.jpg
scene03,rgb-0106.jpg,depth-0106.jpg
scene03,rgb-0107.jpg,depth-0107.jpg
scene03,rgb-0108.jpg,depth-0108.jpg
scene03,rgb-0109.jpg,depth-0109.jpg
scene03,rgb-0110.jpg,depth-0110.jpg
scene03,rgb-0111.jpg,depth-0111.jpg
scene03,rgb-0112.jpg,depth-0112.jpg
scene03,rgb-0113.jpg,depth-0113.jpg
scene03,rgb-0114.jpg,depth-0114.jpg
scene03,rgb-0115.jpg,depth-0115.jpg
scene03,rgb-0116.jpg,depth-0116.jpg
scene03,rgb-0117.jpg,depth-0117.jpg
scene03,rgb-0118.jpg,depth-0118.jpg
scene03,rgb-0119.jpg,depth-0119.jpg
scene03,rgb-0120.jpg,depth-0120.jpg
scene03,rgb-0121.jpg,depth-0121.jpg
scene03,rgb-0122.jpg,depth-0122.jpg
scene03,rgb-0123.jpg,depth-0123.jpg
scene03,rgb-0124.jpg,depth-0124.jpg
scene03,rgb-0125.jpg,depth-0125.jpg
scene03,rgb-0126.jpg,depth-0126.jpg
scene03,rgb-0127.jpg,depth-0127.jpg
scene03,rgb-0128.jpg,depth-0128.jpg
scene03,rgb-0129.jpg,depth-0129.jpg
scene03,rgb-0130.jpg,depth-0130.jpg
scene03,rgb-0131.jpg,depth-0131.jpg
scene03,rgb-0132.jpg,depth-0132.jpg
scene03,rgb-0133.jpg,depth-0133.jpg
scene03,rgb-0134.jpg,depth-0134.jpg
scene03,rgb-0135.jpg,depth-0135.jpg
scene03,rgb-0136.jpg,depth-0136.jpg
scene03,rgb-0137.jpg,depth-0137.jpg
scene03,rgb-0138.jpg,depth-0138.jpg
scene03,rgb-0139.jpg,depth-0139.jpg
scene03,rgb-0140.jpg,depth-0140.jpg
scene03,rgb-0141.jpg,depth-0141.jpg
scene03,rgb-0142.jpg,depth-0142.jpg
scene03,rgb-0143.jpg,depth-0143.jpg
scene03,rgb-0144.jpg,depth-0144.jpg
scene03,rgb-0145.jpg,depth-0145.jpg
scene03,rgb-0146.jpg,depth-0146.jpg
scene03,rgb-0147.jpg,depth-0147.jpg
scene03,rgb-0148.jpg,depth-0148.jpg
scene03,rgb-0149.jpg,depth-0149.jpg
scene03,rgb-0150.jpg,depth-0150.jpg
scene03,rgb-0151.jpg,depth-0151.jpg
scene03,rgb-0152.jpg,depth-0152.jpg
scene03,rgb-0153.jpg,depth-0153.jpg
scene03,rgb-0154.jpg,depth-0154.jpg
scene03,rgb-0155.jpg,depth-0155.jpg
scene03,rgb-0156.jpg,depth-0156.jpg
scene03,rgb-0157.jpg,depth-0157.jpg
scene03,rgb-0158.jpg,depth-0158.jpg
scene03,rgb-0159.jpg,depth-0159.jpg
scene03,rgb-0160.jpg,depth-0160.jpg
scene03,rgb-0161.jpg,depth-0161.jpg
scene03,rgb-0162.jpg,depth-0162.jpg
scene03,rgb-0163.jpg,depth-0163.jpg
scene03,rgb-0164.jpg,depth-0164.jpg
scene03,rgb-0165.jpg,depth-0165.jpg
scene03,rgb-0166.jpg,depth-0166.jpg
scene03,rgb-0167.jpg,depth-0167.jpg
scene03,rgb-0168.jpg,depth-0168.jpg
scene03,rgb-0169.jpg,depth-0169.jpg
scene03,rgb-0170.jpg,depth-0170.jpg
scene03,rgb-0171.jpg,depth-0171.jpg
scene03,rgb-0172.jpg,depth-0172.jpg
scene03,rgb-0173.jpg,depth-0173.jpg
scene03,rgb-0174.jpg,depth-0174.jpg
scene03,rgb-0175.jpg,depth-0175.jpg
scene03,rgb-0176.jpg,depth-0176.jpg
scene03,rgb-0177.jpg,depth-0177.jpg
scene03,rgb-0178.jpg,depth-0178.jpg
scene03,rgb-0179.jpg,depth-0179.jpg
scene03,rgb-0180.jpg,depth-0180.jpg
scene03,rgb-0181.jpg,depth-0181.jpg
scene03,rgb-0182.jpg,depth-0182.jpg
scene03,rgb-0183.jpg,depth-0183.jpg
scene03,rgb-0184.jpg,depth-0184.jpg
scene03,rgb-0185.jpg,depth-0185.jpg
scene03,rgb-0186.jpg,depth-0186.jpg
scene03,rgb-0187.jpg,depth-0187.jpg
scene03,rgb-0188.jpg,depth-0188.jpg
scene03,rgb-0189.jpg,depth-0189.jpg
scene03,rgb-0190.jpg,depth-0190.jpg
scene03,rgb-0191.jpg,depth-0191.jpg
scene03,rgb-0192.jpg,depth-0192.jpg
scene03,rgb-0193.jpg,depth-0193.jpg
scene03,rgb-0194.jpg,depth-0194.jpg
scene03,rgb-0195.jpg,depth-0195.jpg
scene03,rgb-0196.jpg,depth-0196.jpg
scene03,rgb-0197.jpg,depth-0197.jpg
scene03,rgb-0198.jpg,depth-0198.jpg
scene03,rgb-0199.jpg,depth-0199.jpg
scene03,rgb-0200.jpg,depth-0200.jpg
scene03,rgb-0201.jpg,depth-0201.jpg
scene03,rgb-0202.jpg,depth-0202.jpg
scene03,rgb-0203.jpg,depth-0203.jpg
scene03,rgb-0204.jpg,depth-0204.jpg
scene03,rgb-0205.jpg,depth-0205.jpg
scene03,rgb-0206.jpg,depth-0206.jpg
scene03,rgb-0207.jpg,depth-0207.jpg
scene03,rgb-0208.jpg,depth-0208.jpg
scene03,rgb-0209.jpg,depth-0209.jpg
scene03,rgb-0210.jpg,depth-0210.jpg
scene03,rgb-0211.jpg,depth-0211.jpg
scene03,rgb-0212.jpg,depth-0212.jpg
scene03,rgb-0213.jpg,depth-0213.jpg
scene03,rgb-0214.jpg,depth-0214.jpg
scene03,rgb-0215.jpg,depth-0215.jpg
scene03,rgb-0216.jpg,depth-0216.jpg
scene03,rgb-0217.jpg,depth-0217.jpg
scene03,rgb-0218.jpg,depth-0218.jpg
scene03,rgb-0219.jpg,depth-0219.jpg
scene03,rgb-0220.jpg,depth-0220.jpg
scene03,rgb-0221.jpg,depth-0221.jpg
scene03,rgb-0222.jpg,depth-0222.jpg
scene03,rgb-0223.jpg,depth-0223.jpg
scene03,rgb-0224.jpg,depth-0224.jpg
scene03,rgb-0225.jpg,depth-0225.jpg
scene03,rgb-0226.jpg,depth-0226.jpg
scene03,rgb-0227.jpg,depth-0227.jpg
scene03,rgb-0228.jpg,depth-0228.jpg
scene03,rgb-0229.jpg,depth-0229.jpg
scene03,rgb-0230.jpg,depth-0230.jpg
scene03,rgb-0231.jpg,depth-0231.jpg
scene03,rgb-0232.jpg,depth-0232.jpg
scene03,rgb-0233.jpg,depth-0233.jpg
scene03,rgb-0234.jpg,depth-0234.jpg
scene03,rgb-0235.jpg,depth-0235.jpg
scene03,rgb-0236.jpg,depth-0236.jpg
scene03,rgb-0237.jpg,depth-0237.jpg
scene03,rgb-0238.jpg,depth-0238.jpg
scene03,rgb-0239.jpg,depth-0239.jpg
scene03,rgb-0240.jpg,depth-0240.jpg
scene03,rgb-0241.jpg,depth-0241.jpg
scene03,rgb-0242.jpg,depth-0242.jpg
scene03,rgb-0243.jpg,depth-0243.jpg
scene03,rgb-0244.jpg,depth-0244.jpg
scene03,rgb-0245.jpg,depth-0245.jpg
scene03,rgb-0246.jpg,depth-0246.jpg
scene03,rgb-0247.jpg,depth-0247.jpg
scene03,rgb-0248.jpg,depth-0248.jpg
scene03,rgb-0249.jpg,depth-0249.jpg
scene03,rgb-0250.jpg,depth-0250.jpg
scene03,rgb-0251.jpg,depth-0251.jpg
scene03,rgb-0252.jpg,depth-0252.jpg
scene03,rgb-0253.jpg,depth-0253.jpg
scene03,rgb-0254.jpg,depth-0254.jpg
scene03,rgb-0255.jpg,depth-0255.jpg
scene03,rgb-0256.jpg,depth-0256.jpg
scene03,rgb-0257.jpg,depth-0257.jpg
scene03,rgb-0258.jpg,depth-0258.jpg
scene03,rgb-0259.jpg,depth-0259.jpg
scene03,rgb-0260.jpg,depth-0260.jpg
scene03,rgb-0261.jpg,depth-0261.jpg
scene03,rgb-0262.jpg,depth-0262.jpg
scene03,rgb-0263.jpg,depth-0263.jpg
scene03,rgb-0264.jpg,depth-0264.jpg
scene03,rgb-0265.jpg,depth-0265.jpg
scene03,rgb-0266.jpg,depth-0266.jpg
scene03,rgb-0267.jpg,depth-0267.jpg
scene03,rgb-0268.jpg,depth-0268.jpg
scene03,rgb-0269.jpg,depth-0269.jpg
scene03,rgb-0270.jpg,depth-0270.jpg
scene03,rgb-0271.jpg,depth-0271.jpg
scene03,rgb-0272.jpg,depth-0272.jpg
scene03,rgb-0273.jpg,depth-0273.jpg
scene03,rgb-0274.jpg,depth-0274.jpg
scene03,rgb-0275.jpg,depth-0275.jpg
scene03,rgb-0276.jpg,depth-0276.jpg
scene03,rgb-0277.jpg,depth-0277.jpg
scene03,rgb-0278.jpg,depth-0278.jpg
scene03,rgb-0279.jpg,depth-0279.jpg
scene03,rgb-0280.jpg,depth-0280.jpg
scene03,rgb-0281.jpg,depth-0281.jpg
scene03,rgb-0282.jpg,depth-0282.jpg
scene03,rgb-0283.jpg,depth-0283.jpg
scene03,rgb-0284.jpg,depth-0284.jpg
scene03,rgb-0285.jpg,depth-0285.jpg
scene03,rgb-0286.jpg,depth-0286.jpg
scene03,rgb-0287.jpg,depth-0287.jpg
scene03,rgb-0288.jpg,depth-0288.jpg
scene03,rgb-0289.jpg,depth-0289.jpg
scene03,rgb-0290.jpg,depth-0290.jpg
scene03,rgb-0291.jpg,depth-0291.jpg
scene03,rgb-0292.jpg,depth-0292.jpg
scene03,rgb-0293.jpg,depth-0293.jpg
scene03,rgb-0294.jpg,depth-0294.jpg
scene03,rgb-0295.jpg,depth-0295.jpg
scene03,rgb-0296.jpg,depth-0296.jpg
scene03,rgb-0297.jpg,depth-0297.jpg
scene03,rgb-0298.jpg,depth-0298.jpg
scene03,rgb-0299.jpg,depth-0299.jpg
scene03,rgb-0300.jpg,depth-0300.jpg
scene03,rgb-0301.jpg,depth-0301.jpg
scene03,rgb-0302.jpg,depth-0302.jpg
scene03,rgb-0303.jpg,depth-0303.jpg
scene03,rgb-0304.jpg,depth-0304.jpg
scene03,rgb-0305.jpg,depth-0305.jpg
scene03,rgb-0306.jpg,depth-0306.jpg
scene03,rgb-0307.jpg,depth-0307.jpg
scene03,rgb-0308.jpg,depth-0308.jpg
scene03,rgb-0309.jpg,depth-0309.jpg
scene03,rgb-0310.jpg,depth-0310.jpg
scene03,rgb-0311.jpg,depth-0311.jpg
scene03,rgb-0312.jpg,depth-0312.jpg
scene03,rgb-0313.jpg,depth-0313.jpg
scene03,rgb-0314.jpg,depth-0314.jpg
scene03,rgb-0315.jpg,depth-0315.jpg
scene03,rgb-0316.jpg,depth-0316.jpg
scene03,rgb-0317.jpg,depth-0317.jpg
scene03,rgb-0318.jpg,depth-0318.jpg
scene03,rgb-0319.jpg,depth-0319.jpg
scene03,rgb-0320.jpg,depth-0320.jpg
scene03,rgb-0321.jpg,depth-0321.jpg
scene03,rgb-0322.jpg,depth-0322.jpg
scene03,rgb-0323.jpg,depth-0323.jpg
scene03,rgb-0324.jpg,depth-0324.jpg
scene03,rgb-0325.jpg,depth-0325.jpg
scene03,rgb-0326.jpg,depth-0326.jpg
scene03,rgb-0327.jpg,depth-0327.jpg
scene03,rgb-0328.jpg,depth-0328.jpg
scene03,rgb-0329.jpg,depth-0329.jpg
scene03,rgb-0330.jpg,depth-0330.jpg
scene03,rgb-0331.jpg,depth-0331.jpg
scene03,rgb-0332.jpg,depth-0332.jpg
scene03,rgb-0333.jpg,depth-0333.jpg
scene03,rgb-0334.jpg,depth-0334.jpg
scene03,rgb-0335.jpg,depth-0335.jpg
scene03,rgb-0336.jpg,depth-0336.jpg
scene03,rgb-0337.jpg,depth-0337.jpg
scene03,rgb-0338.jpg,depth-0338.jpg
scene03,rgb-0339.jpg,depth-0339.jpg
scene03,rgb-0340.jpg,depth-0340.jpg
scene03,rgb-0341.jpg,depth-0341.jpg
scene03,rgb-0342.jpg,depth-0342.jpg
scene03,rgb-0343.jpg,depth-0343.jpg
scene03,rgb-0344.jpg,depth-0344.jpg
scene03,rgb-0345.jpg,depth-0345.jpg
scene03,rgb-0346.jpg,depth-0346.jpg
scene03,rgb-0347.jpg,depth-0347.jpg
scene03,rgb-0348.jpg,depth-0348.jpg
scene03,rgb-0349.jpg,depth-0349.jpg
scene03,rgb-0350.jpg,depth-0350.jpg
scene03,rgb-0351.jpg,depth-0351.jpg
scene03,rgb-0352.jpg,depth-0352.jpg
scene03,rgb-0353.jpg,depth-0353.jpg
scene03,rgb-0354.jpg,depth-0354.jpg
scene03,rgb-0355.jpg,depth-0355.jpg
scene03,rgb-0356.jpg,depth-0356.jpg
scene03,rgb-0357.jpg,depth-0357.jpg
scene03,rgb-0358.jpg,depth-0358.jpg
scene03,rgb-0359.jpg,depth-0359.jpg
scene03,rgb-0360.jpg,depth-0360.jpg
scene03,rgb-0361.jpg,depth-0361.jpg
scene03,rgb-0362.jpg,depth-0362.jpg
scene03,rgb-0363.jpg,depth-0363.jpg
scene03,rgb-0364.jpg,depth-0364.jpg
scene03,rgb-0365.jpg,depth-0365.jpg
scene03,rgb-0366.jpg,depth-0366.jpg
scene03,rgb-0367.jpg,depth-0367.jpg
scene03,rgb-0368.jpg,depth-0368.jpg
scene03,rgb-0369.jpg,depth-0369.jpg
scene03,rgb-0370.jpg,depth-0370.jpg
scene03,rgb-0371.jpg,depth-0371.jpg
scene03,rgb-0372.jpg,depth-0372.jpg
scene03,rgb-0373.jpg,depth-0373.jpg
scene03,rgb-0374.jpg,depth-0374.jpg
scene03,rgb-0375.jpg,depth-0375.jpg
scene03,rgb-0376.jpg,depth-0376.jpg
scene03,rgb-0377.jpg,depth-0377.jpg
scene03,rgb-0378.jpg,depth-0378.jpg
scene03,rgb-0379.jpg,depth-0379.jpg
scene03,rgb-0380.jpg,depth-0380.jpg
scene03,rgb-0381.jpg,depth-0381.jpg
scene03,rgb-0382.jpg,depth-0382.jpg
scene03,rgb-0383.jpg,depth-0383.jpg
scene03,rgb-0384.jpg,depth-0384.jpg
scene03,rgb-0385.jpg,depth-0385.jpg
scene03,rgb-0386.jpg,depth-0386.jpg
scene03,rgb-0387.jpg,depth-0387.jpg
scene03,rgb-0388.jpg,depth-0388.jpg
scene03,rgb-0389.jpg,depth-0389.jpg
scene03,rgb-0390.jpg,depth-0390.jpg
scene03,rgb-0391.jpg,depth-0391.jpg
scene03,rgb-0392.jpg,depth-0392.jpg
scene03,rgb-0393.jpg,depth-0393.jpg
scene03,rgb-0394.jpg,depth-0394.jpg
scene03,rgb-0395.jpg,depth-0395.jpg
scene03,rgb-0396.jpg,depth-0396.jpg
scene03,rgb-0397.jpg,depth-0397.jpg
scene03,rgb-0398.jpg,depth-0398.jpg
scene03,rgb-0399.jpg,depth-0399.jpg
scene03,rgb-0400.jpg,depth-0400.jpg
scene03,rgb-0401.jpg,depth-0401.jpg
scene03,rgb-0402.jpg,depth-0402.jpg
scene03,rgb-0403.jpg,depth-0403.jpg
scene03,rgb-0404.jpg,depth-0404.jpg
scene03,rgb-0405.jpg,depth-0405.jpg
scene03,rgb-0406.jpg,depth-0406.jpg
scene03,rgb-0407.jpg,depth-0407.jpg
scene03,rgb-0408.jpg,depth-0408.jpg
scene03,rgb-0409.jpg,depth-0409.jpg
scene03,rgb-0410.jpg,depth-0410.jpg
scene03,rgb-0411.jpg,depth-0411.jpg
scene03,rgb-0412.jpg,depth-0412.jpg
scene03,rgb-0413.jpg,depth-0413.jpg
scene03,rgb-0414.jpg,depth-0414.jpg
scene03,rgb-0415.jpg,depth-0415.jpg
scene03,rgb-0416.jpg,depth-0416.jpg
scene03,rgb-0417.jpg,depth-0417.jpg
scene03,rgb-0418.jpg,depth-0418.jpg
scene03,rgb-0419.jpg,depth-0419.jpg
scene03,rgb-0420.jpg,depth-0420.jpg
scene03,rgb-0421.jpg,depth-0421.jpg
scene03,rgb-0422.jpg,depth-0422.jpg
scene03,rgb-0423.jpg,depth-0423.jpg
scene03,rgb-0424.jpg,depth-0424.jpg
scene03,rgb-0425.jpg,depth-0425.jpg
scene03,rgb-0426.jpg,depth-0426.jpg
scene03,rgb-0427.jpg,depth-0427.jpg
scene03,rgb-0428.jpg,depth-0428.jpg
scene03,rgb-0429.jpg,depth-0429.jpg
scene03,rgb-0430.jpg,depth-0430.jpg
scene03,rgb-0431.jpg,depth-0431.jpg
scene03,rgb-0432.jpg,depth-0432.jpg
scene03,rgb-0433.jpg,depth-0433.jpg
scene03,rgb-0434.jpg,depth-0434.jpg
scene03,rgb-0435.jpg,depth-0435.jpg
scene03,rgb-0436.jpg,depth-0436.jpg
scene03,rgb-0437.jpg,depth-0437.jpg
scene03,rgb-0438.jpg,depth-0438.jpg
scene03,rgb-0439.jpg,depth-0439.jpg
scene03,rgb-0440.jpg,depth-0440.jpg
scene03,rgb-0441.jpg,depth-0441.jpg
scene03,rgb-0442.jpg,depth-0442.jpg
scene03,rgb-0443.jpg,depth-0443.jpg
scene03,rgb-0444.jpg,depth-0444.jpg
scene03,rgb-0445.jpg,depth-0445.jpg
scene03,rgb-0446.jpg,depth-0446.jpg
scene03,rgb-0447.jpg,depth-0447.jpg
scene03,rgb-0448.jpg,depth-0448.jpg
scene03,rgb-0449.jpg,depth-0449.jpg
scene03,rgb-0450.jpg,depth-0450.jpg
scene03,rgb-0451.jpg,depth-0451.jpg
scene03,rgb-0452.jpg,depth-0452.jpg
scene03,rgb-0453.jpg,depth-0453.jpg
scene03,rgb-0454.jpg,depth-0454.jpg
scene03,rgb-0455.jpg,depth-0455.jpg
scene03,rgb-0456.jpg,depth-0456.jpg
scene03,rgb-0457.jpg,depth-0457.jpg
scene03,rgb-0458.jpg,depth-0458.jpg
scene03,rgb-0459.jpg,depth-0459.jpg
scene03,rgb-0460.jpg,depth-0460.jpg
scene03,rgb-0461.jpg,depth-0461.jpg
scene03,rgb-0462.jpg,depth-0462.jpg
scene03,rgb-0463.jpg,depth-0463.jpg
scene03,rgb-0464.jpg,depth-0464.jpg
scene03,rgb-0465.jpg,depth-0465.jpg
scene03,rgb-0466.jpg,depth-0466.jpg
scene03,rgb-0467.jpg,depth-0467.jpg
scene03,rgb-0468.jpg,depth-0468.jpg
scene03,rgb-0469.jpg,depth-0469.jpg
scene03,rgb-0470.jpg,depth-0470.jpg
scene03,rgb-0471.jpg,depth-0471.jpg
scene03,rgb-0472.jpg,depth-0472.jpg
scene03,rgb-0473.jpg,depth-0473.jpg
scene03,rgb-0474.jpg,depth-0474.jpg
scene03,rgb-0475.jpg,depth-0475.jpg
scene03,rgb-0476.jpg,depth-0476.jpg
scene03,rgb-0477.jpg,depth-0477.jpg
scene03,rgb-0478.jpg,depth-0478.jpg
scene03,rgb-0479.jpg,depth-0479.jpg
scene03,rgb-0480.jpg,depth-0480.jpg
scene03,rgb-0481.jpg,depth-0481.jpg
scene03,rgb-0482.jpg,depth-0482.jpg
scene03,rgb-0483.jpg,depth-0483.jpg
scene03,rgb-0484.jpg,depth-0484.jpg
scene03,rgb-0485.jpg,depth-0485.jpg
scene03,rgb-0486.jpg,depth-0486.jpg
scene03,rgb-0487.jpg,depth-0487.jpg
scene03,rgb-0488.jpg,depth-0488.jpg
scene03,rgb-0489.jpg,depth-0489.jpg
scene03,rgb-0490.jpg,depth-0490.jpg
scene03,rgb-0491.jpg,depth-0491.jpg
scene03,rgb-0492.jpg,depth-0492.jpg
scene03,rgb-0493.jpg,depth-0493.jpg
scene03,rgb-0494.jpg,depth-0494.jpg
scene03,rgb-0495.jpg,depth-0495.jpg
scene03,rgb-0496.jpg,depth-0496.jpg
scene03,rgb-0497.jpg,depth-0497.jpg
scene03,rgb-0498.jpg,depth-0498.jpg
scene03,rgb-0499.jpg,depth-0499.jpg
scene03,rgb-0500.jpg,depth-0500.jpg
scene03,rgb-0501.jpg,depth-0501.jpg
scene03,rgb-0502.jpg,depth-0502.jpg
scene03,rgb-0503.jpg,depth-0503.jpg
scene03,rgb-0504.jpg,depth-0504.jpg
scene03,rgb-0505.jpg,depth-0505.jpg
scene03,rgb-0506.jpg,depth-0506.jpg
scene03,rgb-0507.jpg,depth-0507.jpg
scene03,rgb-0508.jpg,depth-0508.jpg
scene03,rgb-0509.jpg,depth-0509.jpg
scene03,rgb-0510.jpg,depth-0510.jpg
scene03,rgb-0511.jpg,depth-0511.jpg
scene03,rgb-0512.jpg,depth-0512.jpg
scene03,rgb-0513.jpg,depth-0513.jpg
scene03,rgb-0514.jpg,depth-0514.jpg
scene03,rgb-0515.jpg,depth-0515.jpg
scene03,rgb-0516.jpg,depth-0516.jpg
scene03,rgb-0517.jpg,depth-0517.jpg
scene03,rgb-0518.jpg,depth-0518.jpg
scene03,rgb-0519.jpg,depth-0519.jpg
scene03,rgb-0520.jpg,depth-0520.jpg
scene03,rgb-0521.jpg,depth-0521.jpg
scene03,rgb-0522.jpg,depth-0522.jpg
scene03,rgb-0523.jpg,depth-0523.jpg
scene03,rgb-0524.jpg,depth-0524.jpg
scene03,rgb-0525.jpg,depth-0525.jpg
scene03,rgb-0526.jpg,depth-0526.jpg
scene03,rgb-0527.jpg,depth-0527.jpg
scene03,rgb-0528.jpg,depth-0528.jpg
scene03,rgb-0529.jpg,depth-0529.jpg
scene03,rgb-0530.jpg,depth-0530.jpg
scene03,rgb-0531.jpg,depth-0531.jpg
scene03,rgb-0532.jpg,depth-0532.jpg
scene03,rgb-0533.jpg,depth-0533.jpg
scene03,rgb-0534.jpg,depth-0534.jpg
scene03,rgb-0535.jpg,depth-0535.jpg
scene03,rgb-0536.jpg,depth-0536.jpg
scene03,rgb-0537.jpg,depth-0537.jpg
scene03,rgb-0538.jpg,depth-0538.jpg
scene03,rgb-0539.jpg,depth-0539.jpg
scene03,rgb-0540.jpg,depth-0540.jpg
scene03,rgb-0541.jpg,depth-0541.jpg
scene03,rgb-0542.jpg,depth-0542.jpg
scene03,rgb-0543.jpg,depth-0543.jpg
scene03,rgb-0544.jpg,depth-0544.jpg
scene03,rgb-0545.jpg,depth-0545.jpg
scene03,rgb-0546.jpg,depth-0546.jpg
scene03,rgb-0547.jpg,depth-0547.jpg
scene03,rgb-0548.jpg,depth-0548.jpg
scene03,rgb-0549.jpg,depth-0549.jpg
scene03,rgb-0550.jpg,depth-0550.jpg
scene03,rgb-0551.jpg,depth-0551.jpg
scene03,rgb-0552.jpg,depth-0552.jpg
scene03,rgb-0553.jpg,depth-0553.jpg
scene03,rgb-0554.jpg,depth-0554.jpg
scene03,rgb-0555.jpg,depth-0555.jpg
scene03,rgb-0556.jpg,depth-0556.jpg
scene03,rgb-0557.jpg,depth-0557.jpg
scene03,rgb-0558.jpg,depth-0558.jpg
scene03,rgb-0559.jpg,depth-0559.jpg
scene03,rgb-0560.jpg,depth-0560.jpg
scene03,rgb-0561.jpg,depth-0561.jpg
scene03,rgb-0562.jpg,depth-0562.jpg
scene03,rgb-0563.jpg,depth-0563.jpg
scene03,rgb-0564.jpg,depth-0564.jpg
scene03,rgb-0565.jpg,depth-0565.jpg
scene03,rgb-0566.jpg,depth-0566.jpg
scene03,rgb-0567.jpg,depth-0567.jpg
scene03,rgb-0568.jpg,depth-0568.jpg
scene03,rgb-0569.jpg,depth-0569.jpg
scene03,rgb-0570.jpg,depth-0570.jpg
scene03,rgb-0571.jpg,depth-0571.jpg
scene03,rgb-0572.jpg,depth-0572.jpg
scene03,rgb-0573.jpg,depth-0573.jpg
scene03,rgb-0574.jpg,depth-0574.jpg
scene03,rgb-0575.jpg,depth-0575.jpg
scene03,rgb-0576.jpg,depth-0576.jpg
scene03,rgb-0577.jpg,depth-0577.jpg
scene03,rgb-0578.jpg,depth-0578.jpg
scene03,rgb-0579.jpg,depth-0579.jpg
scene03,rgb-0580.jpg,depth-0580.jpg
scene03,rgb-0581.jpg,depth-0581.jpg
scene03,rgb-0582.jpg,depth-0582.jpg
scene03,rgb-0583.jpg,depth-0583.jpg
scene03,rgb-0584.jpg,depth-0584.jpg
scene03,rgb-0585.jpg,depth-0585.jpg
scene03,rgb-0586.jpg,depth-0586.jpg
scene03,rgb-0587.jpg,depth-0587.jpg
scene03,rgb-0588.jpg,depth-0588.jpg
scene03,rgb-0589.jpg,depth-0589.jpg
scene03,rgb-0590.jpg,depth-0590.jpg
scene03,rgb-0591.jpg,depth-0591.jpg
scene03,rgb-0592.jpg,depth-0592.jpg
scene03,rgb-0593.jpg,depth-0593.jpg
scene03,rgb-0594.jpg,depth-0594.jpg
scene03,rgb-0595.jpg,depth-0595.jpg
scene03,rgb-0596.jpg,depth-0596.jpg
scene03,rgb-0597.jpg,depth-0597.jpg
scene03,rgb-0598.jpg,depth-0598.jpg
scene03,rgb-0599.jpg,depth-0599.jpg
scene03,rgb-0600.jpg,depth-0600.jpg
scene03,rgb-0601.jpg,depth-0601.jpg
scene03,rgb-0602.jpg,depth-0602.jpg
scene03,rgb-0603.jpg,depth-0603.jpg
scene03,rgb-0604.jpg,depth-0604.jpg
scene03,rgb-0605.jpg,depth-0605.jpg
scene03,rgb-0606.jpg,depth-0606.jpg
scene03,rgb-0607.jpg,depth-0607.jpg
scene03,rgb-0608.jpg,depth-0608.jpg
scene03,rgb-0609.jpg,depth-0609.jpg
scene03,rgb-0610.jpg,depth-0610.jpg
scene03,rgb-0611.jpg,depth-0611.jpg
scene03,rgb-0612.jpg,depth-0612.jpg
scene03,rgb-0613.jpg,depth-0613.jpg
scene03,rgb-0614.jpg,depth-0614.jpg
scene03,rgb-0615.jpg,depth-0615.jpg
scene03,rgb-0616.jpg,depth-0616.jpg
scene03,rgb-0617.jpg,depth-0617.jpg
scene03,rgb-0618.jpg,depth-0618.jpg
scene03,rgb-0619.jpg,depth-0619.jpg
scene03,rgb-0620.jpg,depth-0620.jpg
scene03,rgb-0621.jpg,depth-0621.jpg
scene03,rgb-0622.jpg,depth-0622.jpg
scene03,rgb-0623.jpg,depth-0623.jpg
scene03,rgb-0624.jpg,depth-0624.jpg
scene03,rgb-0625.jpg,depth-0625.jpg
scene03,rgb-0626.jpg,depth-0626.jpg
scene03,rgb-0627.jpg,depth-0627.jpg
scene03,rgb-0628.jpg,depth-0628.jpg
scene03,rgb-0629.jpg,depth-0629.jpg
scene03,rgb-0630.jpg,depth-0630.jpg
scene03,rgb-0631.jpg,depth-0631.jpg
scene03,rgb-0632.jpg,depth-0632.jpg
scene03,rgb-0633.jpg,depth-0633.jpg
scene03,rgb-0634.jpg,depth-0634.jpg
scene03,rgb-0635.jpg,depth-0635.jpg
scene03,rgb-0636.jpg,depth-0636.jpg
scene03,rgb-0637.jpg,depth-0637.jpg
scene03,rgb-0638.jpg,depth-0638.jpg
scene03,rgb-0639.jpg,depth-0639.jpg
scene03,rgb-0640.jpg,depth-0640.jpg
scene03,rgb-0641.jpg,depth-0641.jpg
scene03,rgb-0642.jpg,depth-0642.jpg
scene03,rgb-0643.jpg,depth-0643.jpg
scene03,rgb-0644.jpg,depth-0644.jpg
scene03,rgb-0645.jpg,depth-0645.jpg
scene03,rgb-0646.jpg,depth-0646.jpg
scene03,rgb-0647.jpg,depth-0647.jpg
scene03,rgb-0648.jpg,depth-0648.jpg
scene03,rgb-0649.jpg,depth-0649.jpg
scene03,rgb-0650.jpg,depth-0650.jpg
scene03,rgb-0651.jpg,depth-0651.jpg
scene03,rgb-0652.jpg,depth-0652.jpg
scene03,rgb-0653.jpg,depth-0653.jpg
scene03,rgb-0654.jpg,depth-0654.jpg
scene03,rgb-0655.jpg,depth-0655.jpg
scene03,rgb-0656.jpg,depth-0656.jpg
scene03,rgb-0657.jpg,depth-0657.jpg
scene03,rgb-0658.jpg,depth-0658.jpg
scene03,rgb-0659.jpg,depth-0659.jpg
scene03,rgb-0660.jpg,depth-0660.jpg
scene03,rgb-0661.jpg,depth-0661.jpg
scene03,rgb-0662.jpg,depth-0662.jpg
scene03,rgb-0663.jpg,depth-0663.jpg
scene03,rgb-0664.jpg,depth-0664.jpg
scene03,rgb-0665.jpg,depth-0665.jpg
scene03,rgb-0666.jpg,depth-0666.jpg
scene03,rgb-0667.jpg,depth-0667.jpg
scene03,rgb-0668.jpg,depth-0668.jpg
scene03,rgb-0669.jpg,depth-0669.jpg
scene03,rgb-0670.jpg,depth-0670.jpg
scene03,rgb-0671.jpg,depth-0671.jpg
scene03,rgb-0672.jpg,depth-0672.jpg
scene03,rgb-0673.jpg,depth-0673.jpg
scene03,rgb-0674.jpg,depth-0674.jpg
scene03,rgb-0675.jpg,depth-0675.jpg
scene03,rgb-0676.jpg,depth-0676.jpg
scene03,rgb-0677.jpg,depth-0677.jpg
scene03,rgb-0678.jpg,depth-0678.jpg
scene03,rgb-0679.jpg,depth-0679.jpg
scene03,rgb-0680.jpg,depth-0680.jpg
scene03,rgb-0681.jpg,depth-0681.jpg
scene03,rgb-0682.jpg,depth-0682.jpg
scene03,rgb-0683.jpg,depth-0683.jpg
scene03,rgb-0684.jpg,depth-0684.jpg
scene04,rgb-0001.jpg,depth-0001.jpg
scene04,rgb-0002.jpg,depth-0002.jpg
scene04,rgb-0003.jpg,depth-0003.jpg
scene04,rgb-0004.jpg,depth-0004.jpg
scene04,rgb-0005.jpg,depth-0005.jpg
scene04,rgb-0006.jpg,depth-0006.jpg
scene04,rgb-0007.jpg,depth-0007.jpg
scene04,rgb-0008.jpg,depth-0008.jpg
scene04,rgb-0009.jpg,depth-0009.jpg
scene04,rgb-0010.jpg,depth-0010.jpg
scene04,rgb-0011.jpg,depth-0011.jpg
scene04,rgb-0012.jpg,depth-0012.jpg
scene04,rgb-0013.jpg,depth-0013.jpg
scene04,rgb-0014.jpg,depth-0014.jpg
scene04,rgb-0015.jpg,depth-0015.jpg
scene04,rgb-0016.jpg,depth-0016.jpg
scene04,rgb-0017.jpg,depth-0017.jpg
scene04,rgb-0018.jpg,depth-0018.jpg
scene04,rgb-0019.jpg,depth-0019.jpg
scene04,rgb-0020.jpg,depth-0020.jpg
scene04,rgb-0021.jpg,depth-0021.jpg
scene04,rgb-0022.jpg,depth-0022.jpg
scene04,rgb-0023.jpg,depth-0023.jpg
scene04,rgb-0024.jpg,depth-0024.jpg
scene04,rgb-0025.jpg,depth-0025.jpg
scene04,rgb-0026.jpg,depth-0026.jpg
scene04,rgb-0027.jpg,depth-0027.jpg
scene04,rgb-0028.jpg,depth-0028.jpg
scene04,rgb-0029.jpg,depth-0029.jpg
scene04,rgb-0030.jpg,depth-0030.jpg
scene04,rgb-0031.jpg,depth-0031.jpg
scene04,rgb-0032.jpg,depth-0032.jpg
scene04,rgb-0033.jpg,depth-0033.jpg
scene04,rgb-0034.jpg,depth-0034.jpg
scene04,rgb-0035.jpg,depth-0035.jpg
scene04,rgb-0036.jpg,depth-0036.jpg
scene04,rgb-0037.jpg,depth-0037.jpg
scene04,rgb-0038.jpg,depth-0038.jpg
scene04,rgb-0039.jpg,depth-0039.jpg
scene04,rgb-0040.jpg,depth-0040.jpg
scene04,rgb-0041.jpg,depth-0041.jpg
scene04,rgb-0042.jpg,depth-0042.jpg
scene04,rgb-0043.jpg,depth-0043.jpg
scene04,rgb-0044.jpg,depth-0044.jpg
scene04,rgb-0045.jpg,depth-0045.jpg
scene04,rgb-0046.jpg,depth-0046.jpg
scene04,rgb-0047.jpg,depth-0047.jpg
scene04,rgb-0048.jpg,depth-0048.jpg
scene04,rgb-0049.jpg,depth-0049.jpg
scene04,rgb-0050.jpg,depth-0050.jpg
scene04,rgb-0051.jpg,depth-0051.jpg
scene04,rgb-0052.jpg,depth-0052.jpg
scene04,rgb-0053.jpg,depth-0053.jpg
scene04,rgb-0054.jpg,depth-0054.jpg
scene04,rgb-0055.jpg,depth-0055.jpg
scene04,rgb-0056.jpg,depth-0056.jpg
scene04,rgb-0057.jpg,depth-0057.jpg
scene04,rgb-0058.jpg,depth-0058.jpg
scene04,rgb-0059.jpg,depth-0059.jpg
scene04,rgb-0060.jpg,depth-0060.jpg
scene04,rgb-0061.jpg,depth-0061.jpg
scene04,rgb-0062.jpg,depth-0062.jpg
scene04,rgb-0063.jpg,depth-0063.jpg
scene04,rgb-0064.jpg,depth-0064.jpg
scene04,rgb-0065.jpg,depth-0065.jpg
scene04,rgb-0066.jpg,depth-0066.jpg
scene04,rgb-0067.jpg,depth-0067.jpg
scene04,rgb-0068.jpg,depth-0068.jpg
scene04,rgb-0069.jpg,depth-0069.jpg
scene04,rgb-0070.jpg,depth-0070.jpg
scene04,rgb-0071.jpg,depth-0071.jpg
scene04,rgb-0072.jpg,depth-0072.jpg
scene04,rgb-0073.jpg,depth-0073.jpg
scene04,rgb-0074.jpg,depth-0074.jpg
scene04,rgb-0075.jpg,depth-0075.jpg
scene04,rgb-0076.jpg,depth-0076.jpg
scene04,rgb-0077.jpg,depth-0077.jpg
scene04,rgb-0078.jpg,depth-0078.jpg
scene04,rgb-0079.jpg,depth-0079.jpg
scene04,rgb-0080.jpg,depth-0080.jpg
scene04,rgb-0081.jpg,depth-0081.jpg
scene04,rgb-0082.jpg,depth-0082.jpg
scene04,rgb-0083.jpg,depth-0083.jpg
scene04,rgb-0084.jpg,depth-0084.jpg
scene04,rgb-0085.jpg,depth-0085.jpg
scene04,rgb-0086.jpg,depth-0086.jpg
scene04,rgb-0087.jpg,depth-0087.jpg
scene04,rgb-0088.jpg,depth-0088.jpg
scene04,rgb-0089.jpg,depth-0089.jpg
scene04,rgb-0090.jpg,depth-0090.jpg
scene04,rgb-0091.jpg,depth-0091.jpg
scene04,rgb-0092.jpg,depth-0092.jpg
scene04,rgb-0093.jpg,depth-0093.jpg
scene04,rgb-0094.jpg,depth-0094.jpg
scene04,rgb-0095.jpg,depth-0095.jpg
scene04,rgb-0096.jpg,depth-0096.jpg
scene04,rgb-0097.jpg,depth-0097.jpg
scene04,rgb-0098.jpg,depth-0098.jpg
scene04,rgb-0099.jpg,depth-0099.jpg
scene04,rgb-0100.jpg,depth-0100.jpg
scene04,rgb-0101.jpg,depth-0101.jpg
scene04,rgb-0102.jpg,depth-0102.jpg
scene04,rgb-0103.jpg,depth-0103.jpg
scene04,rgb-0104.jpg,depth-0104.jpg
scene04,rgb-0105.jpg,depth-0105.jpg
scene04,rgb-0106.jpg,depth-0106.jpg
scene04,rgb-0107.jpg,depth-0107.jpg
scene04,rgb-0108.jpg,depth-0108.jpg
scene04,rgb-0109.jpg,depth-0109.jpg
scene04,rgb-0110.jpg,depth-0110.jpg
scene04,rgb-0111.jpg,depth-0111.jpg
scene04,rgb-0112.jpg,depth-0112.jpg
scene04,rgb-0113.jpg,depth-0113.jpg
scene04,rgb-0114.jpg,depth-0114.jpg
scene04,rgb-0115.jpg,depth-0115.jpg
scene04,rgb-0116.jpg,depth-0116.jpg
scene04,rgb-0117.jpg,depth-0117.jpg
scene04,rgb-0118.jpg,depth-0118.jpg
scene04,rgb-0119.jpg,depth-0119.jpg
scene04,rgb-0120.jpg,depth-0120.jpg
scene04,rgb-0121.jpg,depth-0121.jpg
scene04,rgb-0122.jpg,depth-0122.jpg
scene04,rgb-0123.jpg,depth-0123.jpg
scene04,rgb-0124.jpg,depth-0124.jpg
scene04,rgb-0125.jpg,depth-0125.jpg
scene04,rgb-0126.jpg,depth-0126.jpg
scene04,rgb-0127.jpg,depth-0127.jpg
scene04,rgb-0128.jpg,depth-0128.jpg
scene04,rgb-0129.jpg,depth-0129.jpg
scene04,rgb-0130.jpg,depth-0130.jpg
scene04,rgb-0131.jpg,depth-0131.jpg
scene04,rgb-0132.jpg,depth-0132.jpg
scene04,rgb-0133.jpg,depth-0133.jpg
scene04,rgb-0134.jpg,depth-0134.jpg
scene04,rgb-0135.jpg,depth-0135.jpg
scene04,rgb-0136.jpg,depth-0136.jpg
scene04,rgb-0137.jpg,depth-0137.jpg
scene04,rgb-0138.jpg,depth-0138.jpg
scene04,rgb-0139.jpg,depth-0139.jpg
scene04,rgb-0140.jpg,depth-0140.jpg
scene04,rgb-0141.jpg,depth-0141.jpg
scene04,rgb-0142.jpg,depth-0142.jpg
scene04,rgb-0143.jpg,depth-0143.jpg
scene04,rgb-0144.jpg,depth-0144.jpg
scene04,rgb-0145.jpg,depth-0145.jpg
scene04,rgb-0146.jpg,depth-0146.jpg
scene04,rgb-0147.jpg,depth-0147.jpg
scene04,rgb-0148.jpg,depth-0148.jpg
scene04,rgb-0149.jpg,depth-0149.jpg
scene04,rgb-0150.jpg,depth-0150.jpg
scene04,rgb-0151.jpg,depth-0151.jpg
scene04,rgb-0152.jpg,depth-0152.jpg
scene04,rgb-0153.jpg,depth-0153.jpg
scene04,rgb-0154.jpg,depth-0154.jpg
scene04,rgb-0155.jpg,depth-0155.jpg
scene04,rgb-0156.jpg,depth-0156.jpg
scene04,rgb-0157.jpg,depth-0157.jpg
scene04,rgb-0158.jpg,depth-0158.jpg
scene04,rgb-0159.jpg,depth-0159.jpg
scene04,rgb-0160.jpg,depth-0160.jpg
scene04,rgb-0161.jpg,depth-0161.jpg
scene04,rgb-0162.jpg,depth-0162.jpg
scene04,rgb-0163.jpg,depth-0163.jpg
scene04,rgb-0164.jpg,depth-0164.jpg
scene04,rgb-0165.jpg,depth-0165.jpg
scene04,rgb-0166.jpg,depth-0166.jpg
scene04,rgb-0167.jpg,depth-0167.jpg
scene04,rgb-0168.jpg,depth-0168.jpg
scene04,rgb-0169.jpg,depth-0169.jpg
scene04,rgb-0170.jpg,depth-0170.jpg
scene04,rgb-0171.jpg,depth-0171.jpg
scene04,rgb-0172.jpg,depth-0172.jpg
scene04,rgb-0173.jpg,depth-0173.jpg
scene04,rgb-0174.jpg,depth-0174.jpg
scene04,rgb-0175.jpg,depth-0175.jpg
scene04,rgb-0176.jpg,depth-0176.jpg
scene04,rgb-0177.jpg,depth-0177.jpg
scene04,rgb-0178.jpg,depth-0178.jpg
scene04,rgb-0179.jpg,depth-0179.jpg
scene04,rgb-0180.jpg,depth-0180.jpg
scene04,rgb-0181.jpg,depth-0181.jpg
scene04,rgb-0182.jpg,depth-0182.jpg
scene04,rgb-0183.jpg,depth-0183.jpg
scene04,rgb-0184.jpg,depth-0184.jpg
scene04,rgb-0185.jpg,depth-0185.jpg
scene04,rgb-0186.jpg,depth-0186.jpg
scene04,rgb-0187.jpg,depth-0187.jpg
scene04,rgb-0188.jpg,depth-0188.jpg
scene04,rgb-0189.jpg,depth-0189.jpg
scene04,rgb-0190.jpg,depth-0190.jpg
scene04,rgb-0191.jpg,depth-0191.jpg
scene04,rgb-0192.jpg,depth-0192.jpg
scene04,rgb-0193.jpg,depth-0193.jpg
scene04,rgb-0194.jpg,depth-0194.jpg
scene04,rgb-0195.jpg,depth-0195.jpg
scene04,rgb-0196.jpg,depth-0196.jpg
scene04,rgb-0197.jpg,depth-0197.jpg
scene04,rgb-0198.jpg,depth-0198.jpg
scene04,rgb-0199.jpg,depth-0199.jpg
scene04,rgb-0200.jpg,depth-0200.jpg
scene04,rgb-0201.jpg,depth-0201.jpg
scene04,rgb-0202.jpg,depth-0202.jpg
scene04,rgb-0203.jpg,depth-0203.jpg
scene04,rgb-0204.jpg,depth-0204.jpg
scene04,rgb-0205.jpg,depth-0205.jpg
scene04,rgb-0206.jpg,depth-0206.jpg
scene04,rgb-0207.jpg,depth-0207.jpg
scene04,rgb-0208.jpg,depth-0208.jpg
scene04,rgb-0209.jpg,depth-0209.jpg
scene04,rgb-0210.jpg,depth-0210.jpg
scene04,rgb-0211.jpg,depth-0211.jpg
scene04,rgb-0212.jpg,depth-0212.jpg
scene04,rgb-0213.jpg,depth-0213.jpg
scene04,rgb-0214.jpg,depth-0214.jpg
scene04,rgb-0215.jpg,depth-0215.jpg
scene04,rgb-0216.jpg,depth-0216.jpg
scene04,rgb-0217.jpg,depth-0217.jpg
scene04,rgb-0218.jpg,depth-0218.jpg
scene04,rgb-0219.jpg,depth-0219.jpg
scene04,rgb-0220.jpg,depth-0220.jpg
scene04,rgb-0221.jpg,depth-0221.jpg
scene04,rgb-0222.jpg,depth-0222.jpg
scene04,rgb-0223.jpg,depth-0223.jpg
scene04,rgb-0224.jpg,depth-0224.jpg
scene04,rgb-0225.jpg,depth-0225.jpg
scene04,rgb-0226.jpg,depth-0226.jpg
scene04,rgb-0227.jpg,depth-0227.jpg
scene04,rgb-0228.jpg,depth-0228.jpg
scene04,rgb-0229.jpg,depth-0229.jpg
scene04,rgb-0230.jpg,depth-0230.jpg
scene04,rgb-0231.jpg,depth-0231.jpg
scene04,rgb-0232.jpg,depth-0232.jpg
scene04,rgb-0233.jpg,depth-0233.jpg
scene04,rgb-0234.jpg,depth-0234.jpg
scene04,rgb-0235.jpg,depth-0235.jpg
scene04,rgb-0236.jpg,depth-0236.jpg
scene04,rgb-0237.jpg,depth-0237.jpg
scene04,rgb-0238.jpg,depth-0238.jpg
scene04,rgb-0239.jpg,depth-0239.jpg
scene04,rgb-0240.jpg,depth-0240.jpg
scene04,rgb-0241.jpg,depth-0241.jpg
scene04,rgb-0242.jpg,depth-0242.jpg
scene04,rgb-0243.jpg,depth-0243.jpg
scene04,rgb-0244.jpg,depth-0244.jpg
scene04,rgb-0245.jpg,depth-0245.jpg
scene04,rgb-0246.jpg,depth-0246.jpg
scene04,rgb-0247.jpg,depth-0247.jpg
scene04,rgb-0248.jpg,depth-0248.jpg
scene04,rgb-0249.jpg,depth-0249.jpg
scene04,rgb-0250.jpg,depth-0250.jpg
scene04,rgb-0251.jpg,depth-0251.jpg
scene04,rgb-0252.jpg,depth-0252.jpg
scene04,rgb-0253.jpg,depth-0253.jpg
scene04,rgb-0254.jpg,depth-0254.jpg
scene04,rgb-0255.jpg,depth-0255.jpg
scene04,rgb-0256.jpg,depth-0256.jpg
scene04,rgb-0257.jpg,depth-0257.jpg
scene04,rgb-0258.jpg,depth-0258.jpg
scene04,rgb-0259.jpg,depth-0259.jpg
scene04,rgb-0260.jpg,depth-0260.jpg
scene04,rgb-0261.jpg,depth-0261.jpg
scene04,rgb-0262.jpg,depth-0262.jpg
scene04,rgb-0263.jpg,depth-0263.jpg
scene04,rgb-0264.jpg,depth-0264.jpg
scene04,rgb-0265.jpg,depth-0265.jpg
scene04,rgb-0266.jpg,depth-0266.jpg
scene04,rgb-0267.jpg,depth-0267.jpg
scene04,rgb-0268.jpg,depth-0268.jpg
scene04,rgb-0269.jpg,depth-0269.jpg
scene04,rgb-0270.jpg,depth-0270.jpg
scene04,rgb-0271.jpg,depth-0271.jpg
scene04,rgb-0272.jpg,depth-0272.jpg
scene04,rgb-0273.jpg,depth-0273.jpg
scene04,rgb-0274.jpg,depth-0274.jpg
scene04,rgb-0275.jpg,depth-0275.jpg
scene04,rgb-0276.jpg,depth-0276.jpg
scene04,rgb-0277.jpg,depth-0277.jpg
scene04,rgb-0278.jpg,depth-0278.jpg
scene04,rgb-0279.jpg,depth-0279.jpg
scene04,rgb-0280.jpg,depth-0280.jpg
scene04,rgb-0281.jpg,depth-0281.jpg
scene04,rgb-0282.jpg,depth-0282.jpg
scene04,rgb-0283.jpg,depth-0283.jpg
scene04,rgb-0284.jpg,depth-0284.jpg
scene04,rgb-0285.jpg,depth-0285.jpg
scene04,rgb-0286.jpg,depth-0286.jpg
scene04,rgb-0287.jpg,depth-0287.jpg
scene04,rgb-0288.jpg,depth-0288.jpg
scene04,rgb-0289.jpg,depth-0289.jpg
scene04,rgb-0290.jpg,depth-0290.jpg
scene04,rgb-0291.jpg,depth-0291.jpg
scene04,rgb-0292.jpg,depth-0292.jpg
scene04,rgb-0293.jpg,depth-0293.jpg
scene04,rgb-0294.jpg,depth-0294.jpg
scene04,rgb-0295.jpg,depth-0295.jpg
scene04,rgb-0296.jpg,depth-0296.jpg
scene04,rgb-0297.jpg,depth-0297.jpg
scene04,rgb-0298.jpg,depth-0298.jpg
scene04,rgb-0299.jpg,depth-0299.jpg
scene04,rgb-0300.jpg,depth-0300.jpg
scene04,rgb-0301.jpg,depth-0301.jpg
scene04,rgb-0302.jpg,depth-0302.jpg
scene04,rgb-0303.jpg,depth-0303.jpg
scene04,rgb-0304.jpg,depth-0304.jpg
scene04,rgb-0305.jpg,depth-0305.jpg
scene04,rgb-0306.jpg,depth-0306.jpg
scene04,rgb-0307.jpg,depth-0307.jpg
scene04,rgb-0308.jpg,depth-0308.jpg
scene04,rgb-0309.jpg,depth-0309.jpg
scene04,rgb-0310.jpg,depth-0310.jpg
scene04,rgb-0311.jpg,depth-0311.jpg
scene04,rgb-0312.jpg,depth-0312.jpg
scene04,rgb-0313.jpg,depth-0313.jpg
scene04,rgb-0314.jpg,depth-0314.jpg
scene04,rgb-0315.jpg,depth-0315.jpg
scene04,rgb-0316.jpg,depth-0316.jpg
scene04,rgb-0317.jpg,depth-0317.jpg
scene04,rgb-0318.jpg,depth-0318.jpg
scene04,rgb-0319.jpg,depth-0319.jpg
scene04,rgb-0320.jpg,depth-0320.jpg
scene04,rgb-0321.jpg,depth-0321.jpg
scene04,rgb-0322.jpg,depth-0322.jpg
scene04,rgb-0323.jpg,depth-0323.jpg
scene04,rgb-0324.jpg,depth-0324.jpg
scene04,rgb-0325.jpg,depth-0325.jpg
scene04,rgb-0326.jpg,depth-0326.jpg
scene04,rgb-0327.jpg,depth-0327.jpg
scene04,rgb-0328.jpg,depth-0328.jpg
scene04,rgb-0329.jpg,depth-0329.jpg
scene04,rgb-0330.jpg,depth-0330.jpg
scene04,rgb-0331.jpg,depth-0331.jpg
scene04,rgb-0332.jpg,depth-0332.jpg
scene04,rgb-0333.jpg,depth-0333.jpg
scene04,rgb-0334.jpg,depth-0334.jpg
scene04,rgb-0335.jpg,depth-0335.jpg
scene04,rgb-0336.jpg,depth-0336.jpg
scene04,rgb-0337.jpg,depth-0337.jpg
scene04,rgb-0338.jpg,depth-0338.jpg
scene04,rgb-0339.jpg,depth-0339.jpg
scene04,rgb-0340.jpg,depth-0340.jpg
scene04,rgb-0341.jpg,depth-0341.jpg
scene04,rgb-0342.jpg,depth-0342.jpg
scene04,rgb-0343.jpg,depth-0343.jpg
scene04,rgb-0344.jpg,depth-0344.jpg
scene04,rgb-0345.jpg,depth-0345.jpg
scene04,rgb-0346.jpg,depth-0346.jpg
scene04,rgb-0347.jpg,depth-0347.jpg
scene04,rgb-0348.jpg,depth-0348.jpg
scene04,rgb-0349.jpg,depth-0349.jpg
scene04,rgb-0350.jpg,depth-0350.jpg
scene04,rgb-0351.jpg,depth-0351.jpg
scene04,rgb-0352.jpg,depth-0352.jpg
scene04,rgb-0353.jpg,depth-0353.jpg
scene04,rgb-0354.jpg,depth-0354.jpg
scene04,rgb-0355.jpg,depth-0355.jpg
scene04,rgb-0356.jpg,depth-0356.jpg
scene04,rgb-0357.jpg,depth-0357.jpg
scene04,rgb-0358.jpg,depth-0358.jpg
scene04,rgb-0359.jpg,depth-0359.jpg
scene04,rgb-0360.jpg,depth-0360.jpg
scene04,rgb-0361.jpg,depth-0361.jpg
scene04,rgb-0362.jpg,depth-0362.jpg
scene04,rgb-0363.jpg,depth-0363.jpg
scene04,rgb-0364.jpg,depth-0364.jpg
scene04,rgb-0365.jpg,depth-0365.jpg
scene04,rgb-0366.jpg,depth-0366.jpg
scene04,rgb-0367.jpg,depth-0367.jpg
scene04,rgb-0368.jpg,depth-0368.jpg
scene04,rgb-0369.jpg,depth-0369.jpg
scene04,rgb-0370.jpg,depth-0370.jpg
scene04,rgb-0371.jpg,depth-0371.jpg
scene04,rgb-0372.jpg,depth-0372.jpg
scene04,rgb-0373.jpg,depth-0373.jpg
scene04,rgb-0374.jpg,depth-0374.jpg
scene04,rgb-0375.jpg,depth-0375.jpg
scene04,rgb-0376.jpg,depth-0376.jpg
scene04,rgb-0377.jpg,depth-0377.jpg
scene04,rgb-0378.jpg,depth-0378.jpg
scene04,rgb-0379.jpg,depth-0379.jpg
scene04,rgb-0380.jpg,depth-0380.jpg
scene04,rgb-0381.jpg,depth-0381.jpg
scene04,rgb-0382.jpg,depth-0382.jpg
scene04,rgb-0383.jpg,depth-0383.jpg
scene04,rgb-0384.jpg,depth-0384.jpg
scene04,rgb-0385.jpg,depth-0385.jpg
scene04,rgb-0386.jpg,depth-0386.jpg
scene04,rgb-0387.jpg,depth-0387.jpg
scene04,rgb-0388.jpg,depth-0388.jpg
scene04,rgb-0389.jpg,depth-0389.jpg
scene04,rgb-0390.jpg,depth-0390.jpg
scene04,rgb-0391.jpg,depth-0391.jpg
scene04,rgb-0392.jpg,depth-0392.jpg
scene04,rgb-0393.jpg,depth-0393.jpg
scene04,rgb-0394.jpg,depth-0394.jpg
scene04,rgb-0395.jpg,depth-0395.jpg
scene04,rgb-0396.jpg,depth-0396.jpg
scene04,rgb-0397.jpg,depth-0397.jpg
scene04,rgb-0398.jpg,depth-0398.jpg
scene04,rgb-0399.jpg,depth-0399.jpg
scene04,rgb-0400.jpg,depth-0400.jpg
scene04,rgb-0401.jpg,depth-0401.jpg
scene04,rgb-0402.jpg,depth-0402.jpg
scene04,rgb-0403.jpg,depth-0403.jpg
scene04,rgb-0404.jpg,depth-0404.jpg
scene04,rgb-0405.jpg,depth-0405.jpg
scene04,rgb-0406.jpg,depth-0406.jpg
scene04,rgb-0407.jpg,depth-0407.jpg
scene04,rgb-0408.jpg,depth-0408.jpg
scene04,rgb-0409.jpg,depth-0409.jpg
scene04,rgb-0410.jpg,depth-0410.jpg
scene04,rgb-0411.jpg,depth-0411.jpg
scene04,rgb-0412.jpg,depth-0412.jpg
scene04,rgb-0413.jpg,depth-0413.jpg
scene04,rgb-0414.jpg,depth-0414.jpg
scene04,rgb-0415.jpg,depth-0415.jpg
scene04,rgb-0416.jpg,depth-0416.jpg
scene04,rgb-0417.jpg,depth-0417.jpg
scene04,rgb-0418.jpg,depth-0418.jpg
scene04,rgb-0419.jpg,depth-0419.jpg
scene04,rgb-0420.jpg,depth-0420.jpg
scene04,rgb-0421.jpg,depth-0421.jpg
scene04,rgb-0422.jpg,depth-0422.jpg
scene04,rgb-0423.jpg,depth-0423.jpg
scene04,rgb-0424.jpg,depth-0424.jpg
scene04,rgb-0425.jpg,depth-0425.jpg
scene04,rgb-0426.jpg,depth-0426.jpg
scene04,rgb-0427.jpg,depth-0427.jpg
scene04,rgb-0428.jpg,depth-0428.jpg
scene04,rgb-0429.jpg,depth-0429.jpg
scene04,rgb-0430.jpg,depth-0430.jpg
scene04,rgb-0431.jpg,depth-0431.jpg
scene04,rgb-0432.jpg,depth-0432.jpg
scene04,rgb-0433.jpg,depth-0433.jpg
scene04,rgb-0434.jpg,depth-0434.jpg
scene04,rgb-0435.jpg,depth-0435.jpg
scene04,rgb-0436.jpg,depth-0436.jpg
scene04,rgb-0437.jpg,depth-0437.jpg
scene04,rgb-0438.jpg,depth-0438.jpg
scene04,rgb-0439.jpg,depth-0439.jpg
scene04,rgb-0440.jpg,depth-0440.jpg
scene04,rgb-0441.jpg,depth-0441.jpg
scene04,rgb-0442.jpg,depth-0442.jpg
scene04,rgb-0443.jpg,depth-0443.jpg
scene04,rgb-0444.jpg,depth-0444.jpg
scene04,rgb-0445.jpg,depth-0445.jpg
scene04,rgb-0446.jpg,depth-0446.jpg
scene04,rgb-0447.jpg,depth-0447.jpg
scene04,rgb-0448.jpg,depth-0448.jpg
scene04,rgb-0449.jpg,depth-0449.jpg
scene04,rgb-0450.jpg,depth-0450.jpg
scene04,rgb-0451.jpg,depth-0451.jpg
scene04,rgb-0452.jpg,depth-0452.jpg
scene04,rgb-0453.jpg,depth-0453.jpg
scene04,rgb-0454.jpg,depth-0454.jpg
scene04,rgb-0455.jpg,depth-0455.jpg
scene04,rgb-0456.jpg,depth-0456.jpg
scene04,rgb-0457.jpg,depth-0457.jpg
scene04,rgb-0458.jpg,depth-0458.jpg
scene04,rgb-0459.jpg,depth-0459.jpg
scene04,rgb-0460.jpg,depth-0460.jpg
scene04,rgb-0461.jpg,depth-0461.jpg
scene04,rgb-0462.jpg,depth-0462.jpg
scene04,rgb-0463.jpg,depth-0463.jpg
scene04,rgb-0464.jpg,depth-0464.jpg
scene04,rgb-0465.jpg,depth-0465.jpg
scene04,rgb-0466.jpg,depth-0466.jpg
scene04,rgb-0467.jpg,depth-0467.jpg
scene04,rgb-0468.jpg,depth-0468.jpg
scene04,rgb-0469.jpg,depth-0469.jpg
scene04,rgb-0470.jpg,depth-0470.jpg
scene04,rgb-0471.jpg,depth-0471.jpg
scene04,rgb-0472.jpg,depth-0472.jpg
scene04,rgb-0473.jpg,depth-0473.jpg
scene04,rgb-0474.jpg,depth-0474.jpg
scene04,rgb-0475.jpg,depth-0475.jpg
scene04,rgb-0476.jpg,depth-0476.jpg
scene04,rgb-0477.jpg,depth-0477.jpg
scene04,rgb-0478.jpg,depth-0478.jpg
scene04,rgb-0479.jpg,depth-0479.jpg
scene04,rgb-0480.jpg,depth-0480.jpg
scene04,rgb-0481.jpg,depth-0481.jpg
scene04,rgb-0482.jpg,depth-0482.jpg
scene04,rgb-0483.jpg,depth-0483.jpg
scene04,rgb-0484.jpg,depth-0484.jpg
scene04,rgb-0485.jpg,depth-0485.jpg
scene04,rgb-0486.jpg,depth-0486.jpg
scene04,rgb-0487.jpg,depth-0487.jpg
scene04,rgb-0488.jpg,depth-0488.jpg
scene04,rgb-0489.jpg,depth-0489.jpg
scene04,rgb-0490.jpg,depth-0490.jpg
scene04,rgb-0491.jpg,depth-0491.jpg
scene04,rgb-0492.jpg,depth-0492.jpg
scene04,rgb-0493.jpg,depth-0493.jpg
scene04,rgb-0494.jpg,depth-0494.jpg
scene04,rgb-0495.jpg,depth-0495.jpg
scene04,rgb-0496.jpg,depth-0496.jpg
scene04,rgb-0497.jpg,depth-0497.jpg
scene04,rgb-0498.jpg,depth-0498.jpg
scene04,rgb-0499.jpg,depth-0499.jpg
scene04,rgb-0500.jpg,depth-0500.jpg
scene04,rgb-0501.jpg,depth-0501.jpg
scene04,rgb-0502.jpg,depth-0502.jpg
scene04,rgb-0503.jpg,depth-0503.jpg
scene04,rgb-0504.jpg,depth-0504.jpg
scene04,rgb-0505.jpg,depth-0505.jpg
scene04,rgb-0506.jpg,depth-0506.jpg
scene04,rgb-0507.jpg,depth-0507.jpg
scene04,rgb-0508.jpg,depth-0508.jpg
scene04,rgb-0509.jpg,depth-0509.jpg
scene04,rgb-0510.jpg,depth-0510.jpg
scene04,rgb-0511.jpg,depth-0511.jpg
scene04,rgb-0512.jpg,depth-0512.jpg
scene04,rgb-0513.jpg,depth-0513.jpg
scene04,rgb-0514.jpg,depth-0514.jpg
scene04,rgb-0515.jpg,depth-0515.jpg
scene04,rgb-0516.jpg,depth-0516.jpg
scene04,rgb-0517.jpg,depth-0517.jpg
scene04,rgb-0518.jpg,depth-0518.jpg
scene04,rgb-0519.jpg,depth-0519.jpg
scene04,rgb-0520.jpg,depth-0520.jpg
scene04,rgb-0521.jpg,depth-0521.jpg
scene04,rgb-0522.jpg,depth-0522.jpg
scene04,rgb-0523.jpg,depth-0523.jpg
scene04,rgb-0524.jpg,depth-0524.jpg
scene04,rgb-0525.jpg,depth-0525.jpg
scene04,rgb-0526.jpg,depth-0526.jpg
scene04,rgb-0527.jpg,depth-0527.jpg
scene04,rgb-0528.jpg,depth-0528.jpg
scene04,rgb-0529.jpg,depth-0529.jpg
scene04,rgb-0530.jpg,depth-0530.jpg
scene04,rgb-0531.jpg,depth-0531.jpg
scene04,rgb-0532.jpg,depth-0532.jpg
scene04,rgb-0533.jpg,depth-0533.jpg
scene04,rgb-0534.jpg,depth-0534.jpg
scene04,rgb-0535.jpg,depth-0535.jpg
scene04,rgb-0536.jpg,depth-0536.jpg
scene04,rgb-0537.jpg,depth-0537.jpg
scene04,rgb-0538.jpg,depth-0538.jpg
scene04,rgb-0539.jpg,depth-0539.jpg
scene04,rgb-0540.jpg,depth-0540.jpg
scene04,rgb-0541.jpg,depth-0541.jpg
scene04,rgb-0542.jpg,depth-0542.jpg
scene04,rgb-0543.jpg,depth-0543.jpg
scene04,rgb-0544.jpg,depth-0544.jpg
scene04,rgb-0545.jpg,depth-0545.jpg
scene04,rgb-0546.jpg,depth-0546.jpg
scene04,rgb-0547.jpg,depth-0547.jpg
scene04,rgb-0548.jpg,depth-0548.jpg
scene04,rgb-0549.jpg,depth-0549.jpg
scene04,rgb-0550.jpg,depth-0550.jpg
scene04,rgb-0551.jpg,depth-0551.jpg
scene04,rgb-0552.jpg,depth-0552.jpg
scene04,rgb-0553.jpg,depth-0553.jpg
scene04,rgb-0554.jpg,depth-0554.jpg
scene04,rgb-0555.jpg,depth-0555.jpg
scene04,rgb-0556.jpg,depth-0556.jpg
scene04,rgb-0557.jpg,depth-0557.jpg
scene04,rgb-0558.jpg,depth-0558.jpg
scene04,rgb-0559.jpg,depth-0559.jpg
scene04,rgb-0560.jpg,depth-0560.jpg
scene04,rgb-0561.jpg,depth-0561.jpg
scene04,rgb-0562.jpg,depth-0562.jpg
scene04,rgb-0563.jpg,depth-0563.jpg
scene04,rgb-0564.jpg,depth-0564.jpg
scene04,rgb-0565.jpg,depth-0565.jpg
scene04,rgb-0566.jpg,depth-0566.jpg
scene04,rgb-0567.jpg,depth-0567.jpg
scene04,rgb-0568.jpg,depth-0568.jpg
scene04,rgb-0569.jpg,depth-0569.jpg
scene04,rgb-0570.jpg,depth-0570.jpg
scene04,rgb-0571.jpg,depth-0571.jpg
scene04,rgb-0572.jpg,depth-0572.jpg
scene04,rgb-0573.jpg,depth-0573.jpg
scene04,rgb-0574.jpg,depth-0574.jpg
scene04,rgb-0575.jpg,depth-0575.jpg
scene04,rgb-0576.jpg,depth-0576.jpg
scene04,rgb-0577.jpg,depth-0577.jpg
scene04,rgb-0578.jpg,depth-0578.jpg
scene04,rgb-0579.jpg,depth-0579.jpg
scene04,rgb-0580.jpg,depth-0580.jpg
scene04,rgb-0581.jpg,depth-0581.jpg
scene04,rgb-0582.jpg,depth-0582.jpg
scene04,rgb-0583.jpg,depth-0583.jpg
scene04,rgb-0584.jpg,depth-0584.jpg
scene04,rgb-0585.jpg,depth-0585.jpg
scene04,rgb-0586.jpg,depth-0586.jpg
scene04,rgb-0587.jpg,depth-0587.jpg
scene04,rgb-0588.jpg,depth-0588.jpg
scene04,rgb-0589.jpg,depth-0589.jpg
scene04,rgb-0590.jpg,depth-0590.jpg
scene04,rgb-0591.jpg,depth-0591.jpg
scene04,rgb-0592.jpg,depth-0592.jpg
scene04,rgb-0593.jpg,depth-0593.jpg
scene04,rgb-0594.jpg,depth-0594.jpg
scene04,rgb-0595.jpg,depth-0595.jpg
scene04,rgb-0596.jpg,depth-0596.jpg
scene04,rgb-0597.jpg,depth-0597.jpg
scene04,rgb-0598.jpg,depth-0598.jpg
scene04,rgb-0599.jpg,depth-0599.jpg
scene04,rgb-0600.jpg,depth-0600.jpg
scene04,rgb-0601.jpg,depth-0601.jpg
scene04,rgb-0602.jpg,depth-0602.jpg
scene04,rgb-0603.jpg,depth-0603.jpg
scene04,rgb-0604.jpg,depth-0604.jpg
scene04,rgb-0605.jpg,depth-0605.jpg
scene04,rgb-0606.jpg,depth-0606.jpg
scene04,rgb-0607.jpg,depth-0607.jpg
scene04,rgb-0608.jpg,depth-0608.jpg
scene04,rgb-0609.jpg,depth-0609.jpg
scene04,rgb-0610.jpg,depth-0610.jpg
scene04,rgb-0611.jpg,depth-0611.jpg
scene04,rgb-0612.jpg,depth-0612.jpg
scene04,rgb-0613.jpg,depth-0613.jpg
scene04,rgb-0614.jpg,depth-0614.jpg
scene04,rgb-0615.jpg,depth-0615.jpg
scene04,rgb-0616.jpg,depth-0616.jpg
scene04,rgb-0617.jpg,depth-0617.jpg
scene04,rgb-0618.jpg,depth-0618.jpg
scene04,rgb-0619.jpg,depth-0619.jpg
scene04,rgb-0620.jpg,depth-0620.jpg
scene04,rgb-0621.jpg,depth-0621.jpg
scene04,rgb-0622.jpg,depth-0622.jpg
scene04,rgb-0623.jpg,depth-0623.jpg
scene04,rgb-0624.jpg,depth-0624.jpg
scene04,rgb-0625.jpg,depth-0625.jpg
scene04,rgb-0626.jpg,depth-0626.jpg
scene04,rgb-0627.jpg,depth-0627.jpg
scene04,rgb-0628.jpg,depth-0628.jpg
scene04,rgb-0629.jpg,depth-0629.jpg
scene04,rgb-0630.jpg,depth-0630.jpg
scene04,rgb-0631.jpg,depth-0631.jpg
scene04,rgb-0632.jpg,depth-0632.jpg
scene04,rgb-0633.jpg,depth-0633.jpg
scene04,rgb-0634.jpg,depth-0634.jpg
scene04,rgb-0635.jpg,depth-0635.jpg
scene04,rgb-0636.jpg,depth-0636.jpg
scene04,rgb-0637.jpg,depth-0637.jpg
scene04,rgb-0638.jpg,depth-0638.jpg
scene04,rgb-0639.jpg,depth-0639.jpg
scene04,rgb-0640.jpg,depth-0640.jpg
scene04,rgb-0641.jpg,depth-0641.jpg
scene04,rgb-0642.jpg,depth-0642.jpg
scene04,rgb-0643.jpg,depth-0643.jpg
scene04,rgb-0644.jpg,depth-0644.jpg
scene04,rgb-0645.jpg,depth-0645.jpg
scene04,rgb-0646.jpg,depth-0646.jpg
scene04,rgb-0647.jpg,depth-0647.jpg
scene04,rgb-0648.jpg,depth-0648.jpg
scene04,rgb-0649.jpg,depth-0649.jpg
scene04,rgb-0650.jpg,depth-0650.jpg
scene04,rgb-0651.jpg,depth-0651.jpg
scene04,rgb-0652.jpg,depth-0652.jpg
scene04,rgb-0653.jpg,depth-0653.jpg
scene04,rgb-0654.jpg,depth-0654.jpg
scene04,rgb-0655.jpg,depth-0655.jpg
scene04,rgb-0656.jpg,depth-0656.jpg
scene04,rgb-0657.jpg,depth-0657.jpg
scene04,rgb-0658.jpg,depth-0658.jpg
scene04,rgb-0659.jpg,depth-0659.jpg
scene04,rgb-0660.jpg,depth-0660.jpg
scene04,rgb-0661.jpg,depth-0661.jpg
scene04,rgb-0662.jpg,depth-0662.jpg
scene04,rgb-0663.jpg,depth-0663.jpg
scene04,rgb-0664.jpg,depth-0664.jpg
scene04,rgb-0665.jpg,depth-0665.jpg
scene04,rgb-0666.jpg,depth-0666.jpg
scene04,rgb-0667.jpg,depth-0667.jpg
scene04,rgb-0668.jpg,depth-0668.jpg
scene04,rgb-0669.jpg,depth-0669.jpg
scene04,rgb-0670.jpg,depth-0670.jpg
scene04,rgb-0671.jpg,depth-0671.jpg
scene04,rgb-0672.jpg,depth-0672.jpg
scene04,rgb-0673.jpg,depth-0673.jpg
scene04,rgb-0674.jpg,depth-0674.jpg
scene04,rgb-0675.jpg,depth-0675.jpg
scene04,rgb-0676.jpg,depth-0676.jpg
scene04,rgb-0677.jpg,depth-0677.jpg
scene04,rgb-0678.jpg,depth-0678.jpg
scene04,rgb-0679.jpg,depth-0679.jpg
scene04,rgb-0680.jpg,depth-0680.jpg
scene04,rgb-0681.jpg,depth-0681.jpg
scene04,rgb-0682.jpg,depth-0682.jpg
scene04,rgb-0683.jpg,depth-0683.jpg
scene04,rgb-0684.jpg,depth-0684.jpg
scene04,rgb-0685.jpg,depth-0685.jpg
scene04,rgb-0686.jpg,depth-0686.jpg
scene04,rgb-0687.jpg,depth-0687.jpg
scene04,rgb-0688.jpg,depth-0688.jpg
scene04,rgb-0689.jpg,depth-0689.jpg
scene04,rgb-0690.jpg,depth-0690.jpg
scene04,rgb-0691.jpg,depth-0691.jpg
scene04,rgb-0692.jpg,depth-0692.jpg
scene04,rgb-0693.jpg,depth-0693.jpg
scene04,rgb-0694.jpg,depth-0694.jpg
scene04,rgb-0695.jpg,depth-0695.jpg
scene04,rgb-0696.jpg,depth-0696.jpg
scene04,rgb-0697.jpg,depth-0697.jpg
scene04,rgb-0698.jpg,depth-0698.jpg
scene04,rgb-0699.jpg,depth-0699.jpg
scene04,rgb-0700.jpg,depth-0700.jpg
scene04,rgb-0701.jpg,depth-0701.jpg
scene04,rgb-0702.jpg,depth-0702.jpg
scene04,rgb-0703.jpg,depth-0703.jpg
scene04,rgb-0704.jpg,depth-0704.jpg
scene04,rgb-0705.jpg,depth-0705.jpg
scene04,rgb-0706.jpg,depth-0706.jpg
scene04,rgb-0707.jpg,depth-0707.jpg
scene04,rgb-0708.jpg,depth-0708.jpg
scene04,rgb-0709.jpg,depth-0709.jpg
scene04,rgb-0710.jpg,depth-0710.jpg
scene04,rgb-0711.jpg,depth-0711.jpg
scene04,rgb-0712.jpg,depth-0712.jpg
scene04,rgb-0713.jpg,depth-0713.jpg
scene04,rgb-0714.jpg,depth-0714.jpg
scene04,rgb-0715.jpg,depth-0715.jpg
scene04,rgb-0716.jpg,depth-0716.jpg
scene04,rgb-0717.jpg,depth-0717.jpg
scene04,rgb-0718.jpg,depth-0718.jpg
scene04,rgb-0719.jpg,depth-0719.jpg
scene04,rgb-0720.jpg,depth-0720.jpg
scene04,rgb-0721.jpg,depth-0721.jpg
scene04,rgb-0722.jpg,depth-0722.jpg
scene04,rgb-0723.jpg,depth-0723.jpg
scene04,rgb-0724.jpg,depth-0724.jpg
scene04,rgb-0725.jpg,depth-0725.jpg
scene04,rgb-0726.jpg,depth-0726.jpg
scene04,rgb-0727.jpg,depth-0727.jpg
scene04,rgb-0728.jpg,depth-0728.jpg
scene04,rgb-0729.jpg,depth-0729.jpg
scene04,rgb-0730.jpg,depth-0730.jpg
scene04,rgb-0731.jpg,depth-0731.jpg
scene04,rgb-0732.jpg,depth-0732.jpg
scene04,rgb-0733.jpg,depth-0733.jpg
scene04,rgb-0734.jpg,depth-0734.jpg
scene04,rgb-0735.jpg,depth-0735.jpg
scene04,rgb-0736.jpg,depth-0736.jpg
scene04,rgb-0737.jpg,depth-0737.jpg
scene04,rgb-0738.jpg,depth-0738.jpg
scene04,rgb-0739.jpg,depth-0739.jpg
scene04,rgb-0740.jpg,depth-0740.jpg
scene04,rgb-0741.jpg,depth-0741.jpg
scene04,rgb-0742.jpg,depth-0742.jpg
scene04,rgb-0743.jpg,depth-0743.jpg
scene04,rgb-0744.jpg,depth-0744.jpg
scene04,rgb-0745.jpg,depth-0745.jpg
scene04,rgb-0746.jpg,depth-0746.jpg
scene04,rgb-0747.jpg,depth-0747.jpg
scene04,rgb-0748.jpg,depth-0748.jpg
scene04,rgb-0749.jpg,depth-0749.jpg
scene04,rgb-0750.jpg,depth-0750.jpg
scene04,rgb-0751.jpg,depth-0751.jpg
scene04,rgb-0752.jpg,depth-0752.jpg
scene04,rgb-0753.jpg,depth-0753.jpg
scene04,rgb-0754.jpg,depth-0754.jpg
scene04,rgb-0755.jpg,depth-0755.jpg
scene04,rgb-0756.jpg,depth-0756.jpg
scene04,rgb-0757.jpg,depth-0757.jpg
scene04,rgb-0758.jpg,depth-0758.jpg
scene04,rgb-0759.jpg,depth-0759.jpg
scene04,rgb-0760.jpg,depth-0760.jpg
scene04,rgb-0761.jpg,depth-0761.jpg
scene04,rgb-0762.jpg,depth-0762.jpg
scene04,rgb-0763.jpg,depth-0763.jpg
scene04,rgb-0764.jpg,depth-0764.jpg
scene04,rgb-0765.jpg,depth-0765.jpg
scene04,rgb-0766.jpg,depth-0766.jpg
scene04,rgb-0767.jpg,depth-0767.jpg
scene04,rgb-0768.jpg,depth-0768.jpg
scene04,rgb-0769.jpg,depth-0769.jpg
scene04,rgb-0770.jpg,depth-0770.jpg
scene04,rgb-0771.jpg,depth-0771.jpg
scene04,rgb-0772.jpg,depth-0772.jpg
scene04,rgb-0773.jpg,depth-0773.jpg
scene04,rgb-0774.jpg,depth-0774.jpg
scene04,rgb-0775.jpg,depth-0775.jpg
scene04,rgb-0776.jpg,depth-0776.jpg
scene04,rgb-0777.jpg,depth-0777.jpg
scene04,rgb-0778.jpg,depth-0778.jpg
scene04,rgb-0779.jpg,depth-0779.jpg
scene04,rgb-0780.jpg,depth-0780.jpg
scene04,rgb-0781.jpg,depth-0781.jpg
scene04,rgb-0782.jpg,depth-0782.jpg
scene04,rgb-0783.jpg,depth-0783.jpg
scene04,rgb-0784.jpg,depth-0784.jpg
scene04,rgb-0785.jpg,depth-0785.jpg
scene04,rgb-0786.jpg,depth-0786.jpg
scene04,rgb-0787.jpg,depth-0787.jpg
scene04,rgb-0788.jpg,depth-0788.jpg
scene04,rgb-0789.jpg,depth-0789.jpg
scene04,rgb-0790.jpg,depth-0790.jpg
scene04,rgb-0791.jpg,depth-0791.jpg
scene04,rgb-0792.jpg,depth-0792.jpg
scene04,rgb-0793.jpg,depth-0793.jpg
scene04,rgb-0794.jpg,depth-0794.jpg
scene04,rgb-0795.jpg,depth-0795.jpg
scene04,rgb-0796.jpg,depth-0796.jpg
scene04,rgb-0797.jpg,depth-0797.jpg
scene04,rgb-0798.jpg,depth-0798.jpg
scene04,rgb-0799.jpg,depth-0799.jpg
scene04,rgb-0800.jpg,depth-0800.jpg
scene04,rgb-0801.jpg,depth-0801.jpg
scene04,rgb-0802.jpg,depth-0802.jpg
scene04,rgb-0803.jpg,depth-0803.jpg
scene04,rgb-0804.jpg,depth-0804.jpg
scene04,rgb-0805.jpg,depth-0805.jpg
scene04,rgb-0806.jpg,depth-0806.jpg
scene04,rgb-0807.jpg,depth-0807.jpg
scene04,rgb-0808.jpg,depth-0808.jpg
scene04,rgb-0809.jpg,depth-0809.jpg
scene04,rgb-0810.jpg,depth-0810.jpg
scene04,rgb-0811.jpg,depth-0811.jpg
scene04,rgb-0812.jpg,depth-0812.jpg
scene04,rgb-0813.jpg,depth-0813.jpg
scene04,rgb-0814.jpg,depth-0814.jpg
scene04,rgb-0815.jpg,depth-0815.jpg
scene04,rgb-0816.jpg,depth-0816.jpg
scene04,rgb-0817.jpg,depth-0817.jpg
scene04,rgb-0818.jpg,depth-0818.jpg
scene04,rgb-0819.jpg,depth-0819.jpg
scene04,rgb-0820.jpg,depth-0820.jpg
scene04,rgb-0821.jpg,depth-0821.jpg
scene04,rgb-0822.jpg,depth-0822.jpg
scene04,rgb-0823.jpg,depth-0823.jpg
scene04,rgb-0824.jpg,depth-0824.jpg
scene04,rgb-0825.jpg,depth-0825.jpg
scene04,rgb-0826.jpg,depth-0826.jpg
scene04,rgb-0827.jpg,depth-0827.jpg
scene04,rgb-0828.jpg,depth-0828.jpg
scene04,rgb-0829.jpg,depth-0829.jpg
scene04,rgb-0830.jpg,depth-0830.jpg
scene04,rgb-0831.jpg,depth-0831.jpg
scene04,rgb-0832.jpg,depth-0832.jpg
scene04,rgb-0833.jpg,depth-0833.jpg
scene04,rgb-0834.jpg,depth-0834.jpg
scene04,rgb-0835.jpg,depth-0835.jpg
scene04,rgb-0836.jpg,depth-0836.jpg
scene04,rgb-0837.jpg,depth-0837.jpg
scene04,rgb-0838.jpg,depth-0838.jpg
scene04,rgb-0839.jpg,depth-0839.jpg
scene04,rgb-0840.jpg,depth-0840.jpg
scene04,rgb-0841.jpg,depth-0841.jpg
scene04,rgb-0842.jpg,depth-0842.jpg
scene04,rgb-0843.jpg,depth-0843.jpg
scene04,rgb-0844.jpg,depth-0844.jpg
scene04,rgb-0845.jpg,depth-0845.jpg
scene04,rgb-0846.jpg,depth-0846.jpg
scene04,rgb-0847.jpg,depth-0847.jpg
scene04,rgb-0848.jpg,depth-0848.jpg
scene04,rgb-0849.jpg,depth-0849.jpg
scene04,rgb-0850.jpg,depth-0850.jpg
scene04,rgb-0851.jpg,depth-0851.jpg
scene04,rgb-0852.jpg,depth-0852.jpg
scene04,rgb-0853.jpg,depth-0853.jpg
scene04,rgb-0854.jpg,depth-0854.jpg
scene04,rgb-0855.jpg,depth-0855.jpg
scene04,rgb-0856.jpg,depth-0856.jpg
scene04,rgb-0857.jpg,depth-0857.jpg
scene04,rgb-0858.jpg,depth-0858.jpg
scene04,rgb-0859.jpg,depth-0859.jpg
scene04,rgb-0860.jpg,depth-0860.jpg
scene04,rgb-0861.jpg,depth-0861.jpg
scene04,rgb-0862.jpg,depth-0862.jpg
scene04,rgb-0863.jpg,depth-0863.jpg
scene04,rgb-0864.jpg,depth-0864.jpg
scene04,rgb-0865.jpg,depth-0865.jpg
scene05,rgb-0001.jpg,depth-0001.jpg
scene05,rgb-0002.jpg,depth-0002.jpg
scene05,rgb-0003.jpg,depth-0003.jpg
scene05,rgb-0004.jpg,depth-0004.jpg
scene05,rgb-0005.jpg,depth-0005.jpg
scene05,rgb-0006.jpg,depth-0006.jpg
scene05,rgb-0007.jpg,depth-0007.jpg
scene05,rgb-0008.jpg,depth-0008.jpg
scene05,rgb-0009.jpg,depth-0009.jpg
scene05,rgb-0010.jpg,depth-0010.jpg
scene05,rgb-0011.jpg,depth-0011.jpg
scene05,rgb-0012.jpg,depth-0012.jpg
scene05,rgb-0013.jpg,depth-0013.jpg
scene05,rgb-0014.jpg,depth-0014.jpg
scene05,rgb-0015.jpg,depth-0015.jpg
scene05,rgb-0016.jpg,depth-0016.jpg
scene05,rgb-0017.jpg,depth-0017.jpg
scene05,rgb-0018.jpg,depth-0018.jpg
scene05,rgb-0019.jpg,depth-0019.jpg
scene05,rgb-0020.jpg,depth-0020.jpg
scene05,rgb-0021.jpg,depth-0021.jpg
scene05,rgb-0022.jpg,depth-0022.jpg
scene05,rgb-0023.jpg,depth-0023.jpg
scene05,rgb-0024.jpg,depth-0024.jpg
scene05,rgb-0025.jpg,depth-0025.jpg
scene05,rgb-0026.jpg,depth-0026.jpg
scene05,rgb-0027.jpg,depth-0027.jpg
scene05,rgb-0028.jpg,depth-0028.jpg
scene05,rgb-0029.jpg,depth-0029.jpg
scene05,rgb-0030.jpg,depth-0030.jpg
scene05,rgb-0031.jpg,depth-0031.jpg
scene05,rgb-0032.jpg,depth-0032.jpg
scene05,rgb-0033.jpg,depth-0033.jpg
scene05,rgb-0034.jpg,depth-0034.jpg
scene05,rgb-0035.jpg,depth-0035.jpg
scene05,rgb-0036.jpg,depth-0036.jpg
scene05,rgb-0037.jpg,depth-0037.jpg
scene05,rgb-0038.jpg,depth-0038.jpg
scene05,rgb-0039.jpg,depth-0039.jpg
scene05,rgb-0040.jpg,depth-0040.jpg
scene05,rgb-0041.jpg,depth-0041.jpg
scene05,rgb-0042.jpg,depth-0042.jpg
scene05,rgb-0043.jpg,depth-0043.jpg
scene05,rgb-0044.jpg,depth-0044.jpg
scene05,rgb-0045.jpg,depth-0045.jpg
scene05,rgb-0046.jpg,depth-0046.jpg
scene05,rgb-0047.jpg,depth-0047.jpg
scene05,rgb-0048.jpg,depth-0048.jpg
scene05,rgb-0049.jpg,depth-0049.jpg
scene05,rgb-0050.jpg,depth-0050.jpg
scene05,rgb-0051.jpg,depth-0051.jpg
scene05,rgb-0052.jpg,depth-0052.jpg
scene05,rgb-0053.jpg,depth-0053.jpg
scene05,rgb-0054.jpg,depth-0054.jpg
scene05,rgb-0055.jpg,depth-0055.jpg
scene05,rgb-0056.jpg,depth-0056.jpg
scene05,rgb-0057.jpg,depth-0057.jpg
scene05,rgb-0058.jpg,depth-0058.jpg
scene05,rgb-0059.jpg,depth-0059.jpg
scene05,rgb-0060.jpg,depth-0060.jpg
scene05,rgb-0061.jpg,depth-0061.jpg
scene05,rgb-0062.jpg,depth-0062.jpg
scene05,rgb-0063.jpg,depth-0063.jpg
scene05,rgb-0064.jpg,depth-0064.jpg
scene05,rgb-0065.jpg,depth-0065.jpg
scene05,rgb-0066.jpg,depth-0066.jpg
scene05,rgb-0067.jpg,depth-0067.jpg
scene05,rgb-0068.jpg,depth-0068.jpg
scene05,rgb-0069.jpg,depth-0069.jpg
scene05,rgb-0070.jpg,depth-0070.jpg
scene05,rgb-0071.jpg,depth-0071.jpg
scene05,rgb-0072.jpg,depth-0072.jpg
scene05,rgb-0073.jpg,depth-0073.jpg
scene05,rgb-0074.jpg,depth-0074.jpg
scene05,rgb-0075.jpg,depth-0075.jpg
scene05,rgb-0076.jpg,depth-0076.jpg
scene05,rgb-0077.jpg,depth-0077.jpg
scene05,rgb-0078.jpg,depth-0078.jpg
scene05,rgb-0079.jpg,depth-0079.jpg
scene05,rgb-0080.jpg,depth-0080.jpg
scene05,rgb-0081.jpg,depth-0081.jpg
scene05,rgb-0082.jpg,depth-0082.jpg
scene05,rgb-0083.jpg,depth-0083.jpg
scene05,rgb-0084.jpg,depth-0084.jpg
scene05,rgb-0085.jpg,depth-0085.jpg
scene05,rgb-0086.jpg,depth-0086.jpg
scene05,rgb-0087.jpg,depth-0087.jpg
scene05,rgb-0088.jpg,depth-0088.jpg
scene05,rgb-0089.jpg,depth-0089.jpg
scene05,rgb-0090.jpg,depth-0090.jpg
scene05,rgb-0091.jpg,depth-0091.jpg
scene05,rgb-0092.jpg,depth-0092.jpg
scene05,rgb-0093.jpg,depth-0093.jpg
scene05,rgb-0094.jpg,depth-0094.jpg
scene05,rgb-0095.jpg,depth-0095.jpg
scene05,rgb-0096.jpg,depth-0096.jpg
scene05,rgb-0097.jpg,depth-0097.jpg
scene05,rgb-0098.jpg,depth-0098.jpg
scene05,rgb-0099.jpg,depth-0099.jpg
scene05,rgb-0100.jpg,depth-0100.jpg
scene05,rgb-0101.jpg,depth-0101.jpg
scene05,rgb-0102.jpg,depth-0102.jpg
scene05,rgb-0103.jpg,depth-0103.jpg
scene05,rgb-0104.jpg,depth-0104.jpg
scene05,rgb-0105.jpg,depth-0105.jpg
scene05,rgb-0106.jpg,depth-0106.jpg
scene05,rgb-0107.jpg,depth-0107.jpg
scene05,rgb-0108.jpg,depth-0108.jpg
scene05,rgb-0109.jpg,depth-0109.jpg
scene05,rgb-0110.jpg,depth-0110.jpg
scene05,rgb-0111.jpg,depth-0111.jpg
scene05,rgb-0112.jpg,depth-0112.jpg
scene05,rgb-0113.jpg,depth-0113.jpg
scene05,rgb-0114.jpg,depth-0114.jpg
scene05,rgb-0115.jpg,depth-0115.jpg
scene05,rgb-0116.jpg,depth-0116.jpg
scene05,rgb-0117.jpg,depth-0117.jpg
scene05,rgb-0118.jpg,depth-0118.jpg
scene05,rgb-0119.jpg,depth-0119.jpg
scene05,rgb-0120.jpg,depth-0120.jpg
scene05,rgb-0121.jpg,depth-0121.jpg
scene05,rgb-0122.jpg,depth-0122.jpg
scene05,rgb-0123.jpg,depth-0123.jpg
scene05,rgb-0124.jpg,depth-0124.jpg
scene05,rgb-0125.jpg,depth-0125.jpg
scene05,rgb-0126.jpg,depth-0126.jpg
scene05,rgb-0127.jpg,depth-0127.jpg
scene05,rgb-0128.jpg,depth-0128.jpg
scene05,rgb-0129.jpg,depth-0129.jpg
scene05,rgb-0130.jpg,depth-0130.jpg
scene05,rgb-0131.jpg,depth-0131.jpg
scene05,rgb-0132.jpg,depth-0132.jpg
scene05,rgb-0133.jpg,depth-0133.jpg
scene05,rgb-0134.jpg,depth-0134.jpg
scene05,rgb-0135.jpg,depth-0135.jpg
scene05,rgb-0136.jpg,depth-0136.jpg
scene05,rgb-0137.jpg,depth-0137.jpg
scene05,rgb-0138.jpg,depth-0138.jpg
scene05,rgb-0139.jpg,depth-0139.jpg
scene05,rgb-0140.jpg,depth-0140.jpg
scene05,rgb-0141.jpg,depth-0141.jpg
scene05,rgb-0142.jpg,depth-0142.jpg
scene05,rgb-0143.jpg,depth-0143.jpg
scene05,rgb-0144.jpg,depth-0144.jpg
scene05,rgb-0145.jpg,depth-0145.jpg
scene05,rgb-0146.jpg,depth-0146.jpg
scene05,rgb-0147.jpg,depth-0147.jpg
scene05,rgb-0148.jpg,depth-0148.jpg
scene05,rgb-0149.jpg,depth-0149.jpg
scene05,rgb-0150.jpg,depth-0150.jpg
scene05,rgb-0151.jpg,depth-0151.jpg
scene05,rgb-0152.jpg,depth-0152.jpg
scene05,rgb-0153.jpg,depth-0153.jpg
scene05,rgb-0154.jpg,depth-0154.jpg
scene05,rgb-0155.jpg,depth-0155.jpg
scene05,rgb-0156.jpg,depth-0156.jpg
scene05,rgb-0157.jpg,depth-0157.jpg
scene05,rgb-0158.jpg,depth-0158.jpg
scene05,rgb-0159.jpg,depth-0159.jpg
scene05,rgb-0160.jpg,depth-0160.jpg
scene05,rgb-0161.jpg,depth-0161.jpg
scene05,rgb-0162.jpg,depth-0162.jpg
scene05,rgb-0163.jpg,depth-0163.jpg
scene05,rgb-0164.jpg,depth-0164.jpg
scene05,rgb-0165.jpg,depth-0165.jpg
scene05,rgb-0166.jpg,depth-0166.jpg
scene05,rgb-0167.jpg,depth-0167.jpg
scene05,rgb-0168.jpg,depth-0168.jpg
scene05,rgb-0169.jpg,depth-0169.jpg
scene05,rgb-0170.jpg,depth-0170.jpg
scene05,rgb-0171.jpg,depth-0171.jpg
scene05,rgb-0172.jpg,depth-0172.jpg
scene05,rgb-0173.jpg,depth-0173.jpg
scene05,rgb-0174.jpg,depth-0174.jpg
scene05,rgb-0175.jpg,depth-0175.jpg
scene05,rgb-0176.jpg,depth-0176.jpg
scene05,rgb-0177.jpg,depth-0177.jpg
scene05,rgb-0178.jpg,depth-0178.jpg
scene05,rgb-0179.jpg,depth-0179.jpg
scene05,rgb-0180.jpg,depth-0180.jpg
scene05,rgb-0181.jpg,depth-0181.jpg
scene05,rgb-0182.jpg,depth-0182.jpg
scene05,rgb-0183.jpg,depth-0183.jpg
scene05,rgb-0184.jpg,depth-0184.jpg
scene05,rgb-0185.jpg,depth-0185.jpg
scene05,rgb-0186.jpg,depth-0186.jpg
scene05,rgb-0187.jpg,depth-0187.jpg
scene05,rgb-0188.jpg,depth-0188.jpg
scene05,rgb-0189.jpg,depth-0189.jpg
scene05,rgb-0190.jpg,depth-0190.jpg
scene05,rgb-0191.jpg,depth-0191.jpg
scene05,rgb-0192.jpg,depth-0192.jpg
scene05,rgb-0193.jpg,depth-0193.jpg
scene05,rgb-0194.jpg,depth-0194.jpg
scene05,rgb-0195.jpg,depth-0195.jpg
scene05,rgb-0196.jpg,depth-0196.jpg
scene05,rgb-0197.jpg,depth-0197.jpg
scene05,rgb-0198.jpg,depth-0198.jpg
scene05,rgb-0199.jpg,depth-0199.jpg
scene05,rgb-0200.jpg,depth-0200.jpg
scene05,rgb-0201.jpg,depth-0201.jpg
scene05,rgb-0202.jpg,depth-0202.jpg
scene05,rgb-0203.jpg,depth-0203.jpg
scene05,rgb-0204.jpg,depth-0204.jpg
scene05,rgb-0205.jpg,depth-0205.jpg
scene05,rgb-0206.jpg,depth-0206.jpg
scene05,rgb-0207.jpg,depth-0207.jpg
scene05,rgb-0208.jpg,depth-0208.jpg
scene05,rgb-0209.jpg,depth-0209.jpg
scene05,rgb-0210.jpg,depth-0210.jpg
scene05,rgb-0211.jpg,depth-0211.jpg
scene05,rgb-0212.jpg,depth-0212.jpg
scene05,rgb-0213.jpg,depth-0213.jpg
scene05,rgb-0214.jpg,depth-0214.jpg
scene05,rgb-0215.jpg,depth-0215.jpg
scene05,rgb-0216.jpg,depth-0216.jpg
scene05,rgb-0217.jpg,depth-0217.jpg
scene05,rgb-0218.jpg,depth-0218.jpg
scene05,rgb-0219.jpg,depth-0219.jpg
scene05,rgb-0220.jpg,depth-0220.jpg
scene05,rgb-0221.jpg,depth-0221.jpg
scene05,rgb-0222.jpg,depth-0222.jpg
scene05,rgb-0223.jpg,depth-0223.jpg
scene05,rgb-0224.jpg,depth-0224.jpg
scene05,rgb-0225.jpg,depth-0225.jpg
scene05,rgb-0226.jpg,depth-0226.jpg
scene05,rgb-0227.jpg,depth-0227.jpg
scene05,rgb-0228.jpg,depth-0228.jpg
scene05,rgb-0229.jpg,depth-0229.jpg
scene05,rgb-0230.jpg,depth-0230.jpg
scene05,rgb-0231.jpg,depth-0231.jpg
scene05,rgb-0232.jpg,depth-0232.jpg
scene05,rgb-0233.jpg,depth-0233.jpg
scene05,rgb-0234.jpg,depth-0234.jpg
scene05,rgb-0235.jpg,depth-0235.jpg
scene05,rgb-0236.jpg,depth-0236.jpg
scene05,rgb-0237.jpg,depth-0237.jpg
scene05,rgb-0238.jpg,depth-0238.jpg
scene05,rgb-0239.jpg,depth-0239.jpg
scene05,rgb-0240.jpg,depth-0240.jpg
scene05,rgb-0241.jpg,depth-0241.jpg
scene05,rgb-0242.jpg,depth-0242.jpg
scene05,rgb-0243.jpg,depth-0243.jpg
scene05,rgb-0244.jpg,depth-0244.jpg
scene05,rgb-0245.jpg,depth-0245.jpg
scene05,rgb-0246.jpg,depth-0246.jpg
scene05,rgb-0247.jpg,depth-0247.jpg
scene05,rgb-0248.jpg,depth-0248.jpg
scene05,rgb-0249.jpg,depth-0249.jpg
scene05,rgb-0250.jpg,depth-0250.jpg
scene05,rgb-0251.jpg,depth-0251.jpg
scene05,rgb-0252.jpg,depth-0252.jpg
scene05,rgb-0253.jpg,depth-0253.jpg
scene05,rgb-0254.jpg,depth-0254.jpg
scene05,rgb-0255.jpg,depth-0255.jpg
scene05,rgb-0256.jpg,depth-0256.jpg
scene05,rgb-0257.jpg,depth-0257.jpg
scene05,rgb-0258.jpg,depth-0258.jpg
scene05,rgb-0259.jpg,depth-0259.jpg
scene05,rgb-0260.jpg,depth-0260.jpg
scene05,rgb-0261.jpg,depth-0261.jpg
scene05,rgb-0262.jpg,depth-0262.jpg
scene05,rgb-0263.jpg,depth-0263.jpg
scene05,rgb-0264.jpg,depth-0264.jpg
scene05,rgb-0265.jpg,depth-0265.jpg
scene05,rgb-0266.jpg,depth-0266.jpg
scene05,rgb-0267.jpg,depth-0267.jpg
scene05,rgb-0268.jpg,depth-0268.jpg
scene05,rgb-0269.jpg,depth-0269.jpg
scene05,rgb-0270.jpg,depth-0270.jpg
scene05,rgb-0271.jpg,depth-0271.jpg
scene05,rgb-0272.jpg,depth-0272.jpg
scene05,rgb-0273.jpg,depth-0273.jpg
scene05,rgb-0274.jpg,depth-0274.jpg
scene05,rgb-0275.jpg,depth-0275.jpg
scene05,rgb-0276.jpg,depth-0276.jpg
scene05,rgb-0277.jpg,depth-0277.jpg
scene05,rgb-0278.jpg,depth-0278.jpg
scene05,rgb-0279.jpg,depth-0279.jpg
scene05,rgb-0280.jpg,depth-0280.jpg
scene05,rgb-0281.jpg,depth-0281.jpg
scene05,rgb-0282.jpg,depth-0282.jpg
scene05,rgb-0283.jpg,depth-0283.jpg
scene05,rgb-0284.jpg,depth-0284.jpg
scene05,rgb-0285.jpg,depth-0285.jpg
scene05,rgb-0286.jpg,depth-0286.jpg
scene05,rgb-0287.jpg,depth-0287.jpg
scene05,rgb-0288.jpg,depth-0288.jpg
scene05,rgb-0289.jpg,depth-0289.jpg
scene05,rgb-0290.jpg,depth-0290.jpg
scene05,rgb-0291.jpg,depth-0291.jpg
scene05,rgb-0292.jpg,depth-0292.jpg
scene05,rgb-0293.jpg,depth-0293.jpg
scene05,rgb-0294.jpg,depth-0294.jpg
scene05,rgb-0295.jpg,depth-0295.jpg
scene05,rgb-0296.jpg,depth-0296.jpg
scene05,rgb-0297.jpg,depth-0297.jpg
scene05,rgb-0298.jpg,depth-0298.jpg
scene05,rgb-0299.jpg,depth-0299.jpg
scene05,rgb-0300.jpg,depth-0300.jpg
scene05,rgb-0301.jpg,depth-0301.jpg
scene05,rgb-0302.jpg,depth-0302.jpg
scene05,rgb-0303.jpg,depth-0303.jpg
scene05,rgb-0304.jpg,depth-0304.jpg
scene05,rgb-0305.jpg,depth-0305.jpg
scene05,rgb-0306.jpg,depth-0306.jpg
scene05,rgb-0307.jpg,depth-0307.jpg
scene05,rgb-0308.jpg,depth-0308.jpg
scene05,rgb-0309.jpg,depth-0309.jpg
scene05,rgb-0310.jpg,depth-0310.jpg
scene05,rgb-0311.jpg,depth-0311.jpg
scene05,rgb-0312.jpg,depth-0312.jpg
scene05,rgb-0313.jpg,depth-0313.jpg
scene05,rgb-0314.jpg,depth-0314.jpg
scene05,rgb-0315.jpg,depth-0315.jpg
scene05,rgb-0316.jpg,depth-0316.jpg
scene05,rgb-0317.jpg,depth-0317.jpg
scene05,rgb-0318.jpg,depth-0318.jpg
scene05,rgb-0319.jpg,depth-0319.jpg
scene05,rgb-0320.jpg,depth-0320.jpg
scene05,rgb-0321.jpg,depth-0321.jpg
scene05,rgb-0322.jpg,depth-0322.jpg
scene05,rgb-0323.jpg,depth-0323.jpg
scene05,rgb-0324.jpg,depth-0324.jpg
scene05,rgb-0325.jpg,depth-0325.jpg
scene05,rgb-0326.jpg,depth-0326.jpg
scene05,rgb-0327.jpg,depth-0327.jpg
scene05,rgb-0328.jpg,depth-0328.jpg
scene05,rgb-0329.jpg,depth-0329.jpg
scene05,rgb-0330.jpg,depth-0330.jpg
scene05,rgb-0331.jpg,depth-0331.jpg
scene05,rgb-0332.jpg,depth-0332.jpg
scene05,rgb-0333.jpg,depth-0333.jpg
scene05,rgb-0334.jpg,depth-0334.jpg
scene05,rgb-0335.jpg,depth-0335.jpg
scene05,rgb-0336.jpg,depth-0336.jpg
scene05,rgb-0337.jpg,depth-0337.jpg
scene05,rgb-0338.jpg,depth-0338.jpg
scene05,rgb-0339.jpg,depth-0339.jpg
scene05,rgb-0340.jpg,depth-0340.jpg
scene05,rgb-0341.jpg,depth-0341.jpg
scene05,rgb-0342.jpg,depth-0342.jpg
scene05,rgb-0343.jpg,depth-0343.jpg
scene05,rgb-0344.jpg,depth-0344.jpg
scene05,rgb-0345.jpg,depth-0345.jpg
scene05,rgb-0346.jpg,depth-0346.jpg
scene05,rgb-0347.jpg,depth-0347.jpg
scene05,rgb-0348.jpg,depth-0348.jpg
scene05,rgb-0349.jpg,depth-0349.jpg
scene05,rgb-0350.jpg,depth-0350.jpg
scene05,rgb-0351.jpg,depth-0351.jpg
scene05,rgb-0352.jpg,depth-0352.jpg
scene05,rgb-0353.jpg,depth-0353.jpg
scene05,rgb-0354.jpg,depth-0354.jpg
scene05,rgb-0355.jpg,depth-0355.jpg
scene05,rgb-0356.jpg,depth-0356.jpg
scene05,rgb-0357.jpg,depth-0357.jpg
scene05,rgb-0358.jpg,depth-0358.jpg
scene05,rgb-0359.jpg,depth-0359.jpg
scene05,rgb-0360.jpg,depth-0360.jpg
scene05,rgb-0361.jpg,depth-0361.jpg
scene05,rgb-0362.jpg,depth-0362.jpg
scene05,rgb-0363.jpg,depth-0363.jpg
scene05,rgb-0364.jpg,depth-0364.jpg
scene05,rgb-0365.jpg,depth-0365.jpg
scene05,rgb-0366.jpg,depth-0366.jpg
scene05,rgb-0367.jpg,depth-0367.jpg
scene05,rgb-0368.jpg,depth-0368.jpg
scene05,rgb-0369.jpg,depth-0369.jpg
scene05,rgb-0370.jpg,depth-0370.jpg
scene05,rgb-0371.jpg,depth-0371.jpg
scene05,rgb-0372.jpg,depth-0372.jpg
scene05,rgb-0373.jpg,depth-0373.jpg
scene05,rgb-0374.jpg,depth-0374.jpg
scene05,rgb-0375.jpg,depth-0375.jpg
scene05,rgb-0376.jpg,depth-0376.jpg
scene05,rgb-0377.jpg,depth-0377.jpg
scene05,rgb-0378.jpg,depth-0378.jpg
scene05,rgb-0379.jpg,depth-0379.jpg
scene05,rgb-0380.jpg,depth-0380.jpg
scene05,rgb-0381.jpg,depth-0381.jpg
scene05,rgb-0382.jpg,depth-0382.jpg
scene05,rgb-0383.jpg,depth-0383.jpg
scene05,rgb-0384.jpg,depth-0384.jpg
scene05,rgb-0385.jpg,depth-0385.jpg
scene05,rgb-0386.jpg,depth-0386.jpg
scene05,rgb-0387.jpg,depth-0387.jpg
scene05,rgb-0388.jpg,depth-0388.jpg
scene05,rgb-0389.jpg,depth-0389.jpg
scene05,rgb-0390.jpg,depth-0390.jpg
scene05,rgb-0391.jpg,depth-0391.jpg
scene05,rgb-0392.jpg,depth-0392.jpg
scene05,rgb-0393.jpg,depth-0393.jpg
scene05,rgb-0394.jpg,depth-0394.jpg
scene05,rgb-0395.jpg,depth-0395.jpg
scene05,rgb-0396.jpg,depth-0396.jpg
scene05,rgb-0397.jpg,depth-0397.jpg
scene05,rgb-0398.jpg,depth-0398.jpg
scene05,rgb-0399.jpg,depth-0399.jpg
scene05,rgb-0400.jpg,depth-0400.jpg
scene05,rgb-0401.jpg,depth-0401.jpg
scene05,rgb-0402.jpg,depth-0402.jpg
scene05,rgb-0403.jpg,depth-0403.jpg
scene05,rgb-0404.jpg,depth-0404.jpg
scene05,rgb-0405.jpg,depth-0405.jpg
scene05,rgb-0406.jpg,depth-0406.jpg
scene05,rgb-0407.jpg,depth-0407.jpg
scene05,rgb-0408.jpg,depth-0408.jpg
scene05,rgb-0409.jpg,depth-0409.jpg
scene05,rgb-0410.jpg,depth-0410.jpg
scene05,rgb-0411.jpg,depth-0411.jpg
scene05,rgb-0412.jpg,depth-0412.jpg
scene05,rgb-0413.jpg,depth-0413.jpg
scene05,rgb-0414.jpg,depth-0414.jpg
scene05,rgb-0415.jpg,depth-0415.jpg
scene05,rgb-0416.jpg,depth-0416.jpg
scene05,rgb-0417.jpg,depth-0417.jpg
scene05,rgb-0418.jpg,depth-0418.jpg
scene05,rgb-0419.jpg,depth-0419.jpg
scene05,rgb-0420.jpg,depth-0420.jpg
scene05,rgb-0421.jpg,depth-0421.jpg
scene05,rgb-0422.jpg,depth-0422.jpg
scene05,rgb-0423.jpg,depth-0423.jpg
scene05,rgb-0424.jpg,depth-0424.jpg
scene05,rgb-0425.jpg,depth-0425.jpg
scene05,rgb-0426.jpg,depth-0426.jpg
scene05,rgb-0427.jpg,depth-0427.jpg
scene05,rgb-0428.jpg,depth-0428.jpg
scene05,rgb-0429.jpg,depth-0429.jpg
scene05,rgb-0430.jpg,depth-0430.jpg
scene05,rgb-0431.jpg,depth-0431.jpg
scene05,rgb-0432.jpg,depth-0432.jpg
scene05,rgb-0433.jpg,depth-0433.jpg
scene05,rgb-0434.jpg,depth-0434.jpg
scene05,rgb-0435.jpg,depth-0435.jpg
scene05,rgb-0436.jpg,depth-0436.jpg
scene05,rgb-0437.jpg,depth-0437.jpg
scene05,rgb-0438.jpg,depth-0438.jpg
scene05,rgb-0439.jpg,depth-0439.jpg
scene05,rgb-0440.jpg,depth-0440.jpg
scene05,rgb-0441.jpg,depth-0441.jpg
scene05,rgb-0442.jpg,depth-0442.jpg
scene05,rgb-0443.jpg,depth-0443.jpg
scene05,rgb-0444.jpg,depth-0444.jpg
scene05,rgb-0445.jpg,depth-0445.jpg
scene05,rgb-0446.jpg,depth-0446.jpg
scene05,rgb-0447.jpg,depth-0447.jpg
scene05,rgb-0448.jpg,depth-0448.jpg
scene05,rgb-0449.jpg,depth-0449.jpg
scene05,rgb-0450.jpg,depth-0450.jpg
scene05,rgb-0451.jpg,depth-0451.jpg
scene05,rgb-0452.jpg,depth-0452.jpg
scene05,rgb-0453.jpg,depth-0453.jpg
scene05,rgb-0454.jpg,depth-0454.jpg
scene05,rgb-0455.jpg,depth-0455.jpg
scene05,rgb-0456.jpg,depth-0456.jpg
scene05,rgb-0457.jpg,depth-0457.jpg
scene05,rgb-0458.jpg,depth-0458.jpg
scene05,rgb-0459.jpg,depth-0459.jpg
scene05,rgb-0460.jpg,depth-0460.jpg
scene05,rgb-0461.jpg,depth-0461.jpg
scene05,rgb-0462.jpg,depth-0462.jpg
scene05,rgb-0463.jpg,depth-0463.jpg
scene05,rgb-0464.jpg,depth-0464.jpg
scene05,rgb-0465.jpg,depth-0465.jpg
scene05,rgb-0466.jpg,depth-0466.jpg
scene05,rgb-0467.jpg,depth-0467.jpg
scene05,rgb-0468.jpg,depth-0468.jpg
scene05,rgb-0469.jpg,depth-0469.jpg
scene05,rgb-0470.jpg,depth-0470.jpg
scene05,rgb-0471.jpg,depth-0471.jpg
scene05,rgb-0472.jpg,depth-0472.jpg
scene05,rgb-0473.jpg,depth-0473.jpg
scene05,rgb-0474.jpg,depth-0474.jpg
scene05,rgb-0475.jpg,depth-0475.jpg
scene05,rgb-0476.jpg,depth-0476.jpg
scene05,rgb-0477.jpg,depth-0477.jpg
scene05,rgb-0478.jpg,depth-0478.jpg
scene05,rgb-0479.jpg,depth-0479.jpg
scene05,rgb-0480.jpg,depth-0480.jpg
scene05,rgb-0481.jpg,depth-0481.jpg
scene05,rgb-0482.jpg,depth-0482.jpg
scene05,rgb-0483.jpg,depth-0483.jpg
scene05,rgb-0484.jpg,depth-0484.jpg
scene05,rgb-0485.jpg,depth-0485.jpg
scene05,rgb-0486.jpg,depth-0486.jpg
scene05,rgb-0487.jpg,depth-0487.jpg
scene05,rgb-0488.jpg,depth-0488.jpg
scene05,rgb-0489.jpg,depth-0489.jpg
scene05,rgb-0490.jpg,depth-0490.jpg
scene05,rgb-0491.jpg,depth-0491.jpg
scene05,rgb-0492.jpg,depth-0492.jpg
scene05,rgb-0493.jpg,depth-0493.jpg
scene05,rgb-0494.jpg,depth-0494.jpg
scene05,rgb-0495.jpg,depth-0495.jpg
scene05,rgb-0496.jpg,depth-0496.jpg
scene05,rgb-0497.jpg,depth-0497.jpg
scene05,rgb-0498.jpg,depth-0498.jpg
scene05,rgb-0499.jpg,depth-0499.jpg
scene05,rgb-0500.jpg,depth-0500.jpg
scene05,rgb-0501.jpg,depth-0501.jpg
scene05,rgb-0502.jpg,depth-0502.jpg
scene05,rgb-0503.jpg,depth-0503.jpg
scene05,rgb-0504.jpg,depth-0504.jpg
scene05,rgb-0505.jpg,depth-0505.jpg
scene05,rgb-0506.jpg,depth-0506.jpg
scene05,rgb-0507.jpg,depth-0507.jpg
scene05,rgb-0508.jpg,depth-0508.jpg
scene05,rgb-0509.jpg,depth-0509.jpg
scene05,rgb-0510.jpg,depth-0510.jpg
scene05,rgb-0511.jpg,depth-0511.jpg
scene05,rgb-0512.jpg,depth-0512.jpg
scene05,rgb-0513.jpg,depth-0513.jpg
scene05,rgb-0514.jpg,depth-0514.jpg
scene05,rgb-0515.jpg,depth-0515.jpg
scene05,rgb-0516.jpg,depth-0516.jpg
scene05,rgb-0517.jpg,depth-0517.jpg
scene05,rgb-0518.jpg,depth-0518.jpg
scene05,rgb-0519.jpg,depth-0519.jpg
scene05,rgb-0520.jpg,depth-0520.jpg
scene05,rgb-0521.jpg,depth-0521.jpg
scene05,rgb-0522.jpg,depth-0522.jpg
scene05,rgb-0523.jpg,depth-0523.jpg
scene05,rgb-0524.jpg,depth-0524.jpg
scene05,rgb-0525.jpg,depth-0525.jpg
scene05,rgb-0526.jpg,depth-0526.jpg
scene05,rgb-0527.jpg,depth-0527.jpg
scene05,rgb-0528.jpg,depth-0528.jpg
scene05,rgb-0529.jpg,depth-0529.jpg
scene05,rgb-0530.jpg,depth-0530.jpg
scene05,rgb-0531.jpg,depth-0531.jpg
scene05,rgb-0532.jpg,depth-0532.jpg
scene05,rgb-0533.jpg,depth-0533.jpg
scene05,rgb-0534.jpg,depth-0534.jpg
scene05,rgb-0535.jpg,depth-0535.jpg
scene05,rgb-0536.jpg,depth-0536.jpg
scene05,rgb-0537.jpg,depth-0537.jpg
scene05,rgb-0538.jpg,depth-0538.jpg
scene05,rgb-0539.jpg,depth-0539.jpg
scene05,rgb-0540.jpg,depth-0540.jpg
scene05,rgb-0541.jpg,depth-0541.jpg
scene05,rgb-0542.jpg,depth-0542.jpg
scene05,rgb-0543.jpg,depth-0543.jpg
scene05,rgb-0544.jpg,depth-0544.jpg
scene05,rgb-0545.jpg,depth-0545.jpg
scene05,rgb-0546.jpg,depth-0546.jpg
scene05,rgb-0547.jpg,depth-0547.jpg
scene05,rgb-0548.jpg,depth-0548.jpg
scene05,rgb-0549.jpg,depth-0549.jpg
scene05,rgb-0550.jpg,depth-0550.jpg
scene05,rgb-0551.jpg,depth-0551.jpg
scene05,rgb-0552.jpg,depth-0552.jpg
scene05,rgb-0553.jpg,depth-0553.jpg
scene05,rgb-0554.jpg,depth-0554.jpg
scene05,rgb-0555.jpg,depth-0555.jpg
scene05,rgb-0556.jpg,depth-0556.jpg
scene05,rgb-0557.jpg,depth-0557.jpg
scene05,rgb-0558.jpg,depth-0558.jpg
scene05,rgb-0559.jpg,depth-0559.jpg
scene05,rgb-0560.jpg,depth-0560.jpg
scene05,rgb-0561.jpg,depth-0561.jpg
scene05,rgb-0562.jpg,depth-0562.jpg
scene05,rgb-0563.jpg,depth-0563.jpg
scene05,rgb-0564.jpg,depth-0564.jpg
scene05,rgb-0565.jpg,depth-0565.jpg
scene05,rgb-0566.jpg,depth-0566.jpg
scene05,rgb-0567.jpg,depth-0567.jpg
scene05,rgb-0568.jpg,depth-0568.jpg
scene05,rgb-0569.jpg,depth-0569.jpg
scene05,rgb-0570.jpg,depth-0570.jpg
scene05,rgb-0571.jpg,depth-0571.jpg
scene05,rgb-0572.jpg,depth-0572.jpg
scene05,rgb-0573.jpg,depth-0573.jpg
scene05,rgb-0574.jpg,depth-0574.jpg
scene05,rgb-0575.jpg,depth-0575.jpg
scene05,rgb-0576.jpg,depth-0576.jpg
scene05,rgb-0577.jpg,depth-0577.jpg
scene05,rgb-0578.jpg,depth-0578.jpg
scene05,rgb-0579.jpg,depth-0579.jpg
scene05,rgb-0580.jpg,depth-0580.jpg
scene05,rgb-0581.jpg,depth-0581.jpg
scene05,rgb-0582.jpg,depth-0582.jpg
scene05,rgb-0583.jpg,depth-0583.jpg
scene05,rgb-0584.jpg,depth-0584.jpg
scene05,rgb-0585.jpg,depth-0585.jpg
scene05,rgb-0586.jpg,depth-0586.jpg
scene05,rgb-0587.jpg,depth-0587.jpg
scene05,rgb-0588.jpg,depth-0588.jpg
scene05,rgb-0589.jpg,depth-0589.jpg
scene05,rgb-0590.jpg,depth-0590.jpg
scene05,rgb-0591.jpg,depth-0591.jpg
scene05,rgb-0592.jpg,depth-0592.jpg
scene05,rgb-0593.jpg,depth-0593.jpg
scene05,rgb-0594.jpg,depth-0594.jpg
scene05,rgb-0595.jpg,depth-0595.jpg
scene05,rgb-0596.jpg,depth-0596.jpg
scene05,rgb-0597.jpg,depth-0597.jpg
scene05,rgb-0598.jpg,depth-0598.jpg
scene05,rgb-0599.jpg,depth-0599.jpg
scene05,rgb-0600.jpg,depth-0600.jpg
scene05,rgb-0601.jpg,depth-0601.jpg
scene05,rgb-0602.jpg,depth-0602.jpg
scene05,rgb-0603.jpg,depth-0603.jpg
scene05,rgb-0604.jpg,depth-0604.jpg
scene05,rgb-0605.jpg,depth-0605.jpg
scene05,rgb-0606.jpg,depth-0606.jpg
scene05,rgb-0607.jpg,depth-0607.jpg
scene05,rgb-0608.jpg,depth-0608.jpg
scene05,rgb-0609.jpg,depth-0609.jpg
scene05,rgb-0610.jpg,depth-0610.jpg
scene05,rgb-0611.jpg,depth-0611.jpg
scene05,rgb-0612.jpg,depth-0612.jpg
scene05,rgb-0613.jpg,depth-0613.jpg
scene05,rgb-0614.jpg,depth-0614.jpg
scene05,rgb-0615.jpg,depth-0615.jpg
scene05,rgb-0616.jpg,depth-0616.jpg
scene05,rgb-0617.jpg,depth-0617.jpg
scene05,rgb-0618.jpg,depth-0618.jpg
scene05,rgb-0619.jpg,depth-0619.jpg
scene05,rgb-0620.jpg,depth-0620.jpg
scene05,rgb-0621.jpg,depth-0621.jpg
scene05,rgb-0622.jpg,depth-0622.jpg
scene05,rgb-0623.jpg,depth-0623.jpg
scene05,rgb-0624.jpg,depth-0624.jpg
scene05,rgb-0625.jpg,depth-0625.jpg
scene05,rgb-0626.jpg,depth-0626.jpg
scene05,rgb-0627.jpg,depth-0627.jpg
scene05,rgb-0628.jpg,depth-0628.jpg
scene05,rgb-0629.jpg,depth-0629.jpg
scene05,rgb-0630.jpg,depth-0630.jpg
scene05,rgb-0631.jpg,depth-0631.jpg
scene05,rgb-0632.jpg,depth-0632.jpg
scene05,rgb-0633.jpg,depth-0633.jpg
scene05,rgb-0634.jpg,depth-0634.jpg
scene05,rgb-0635.jpg,depth-0635.jpg
scene05,rgb-0636.jpg,depth-0636.jpg
scene05,rgb-0637.jpg,depth-0637.jpg
scene05,rgb-0638.jpg,depth-0638.jpg
scene05,rgb-0639.jpg,depth-0639.jpg
scene05,rgb-0640.jpg,depth-0640.jpg
scene05,rgb-0641.jpg,depth-0641.jpg
scene05,rgb-0642.jpg,depth-0642.jpg
scene05,rgb-0643.jpg,depth-0643.jpg
scene05,rgb-0644.jpg,depth-0644.jpg
scene05,rgb-0645.jpg,depth-0645.jpg
scene05,rgb-0646.jpg,depth-0646.jpg
scene05,rgb-0647.jpg,depth-0647.jpg
scene05,rgb-0648.jpg,depth-0648.jpg
scene05,rgb-0649.jpg,depth-0649.jpg
scene05,rgb-0650.jpg,depth-0650.jpg
scene05,rgb-0651.jpg,depth-0651.jpg
scene05,rgb-0652.jpg,depth-0652.jpg
scene05,rgb-0653.jpg,depth-0653.jpg
scene05,rgb-0654.jpg,depth-0654.jpg
scene05,rgb-0655.jpg,depth-0655.jpg
scene05,rgb-0656.jpg,depth-0656.jpg
scene05,rgb-0657.jpg,depth-0657.jpg
scene05,rgb-0658.jpg,depth-0658.jpg
scene05,rgb-0659.jpg,depth-0659.jpg
scene05,rgb-0660.jpg,depth-0660.jpg
scene05,rgb-0661.jpg,depth-0661.jpg
scene05,rgb-0662.jpg,depth-0662.jpg
scene05,rgb-0663.jpg,depth-0663.jpg
scene05,rgb-0664.jpg,depth-0664.jpg
scene05,rgb-0665.jpg,depth-0665.jpg
scene05,rgb-0666.jpg,depth-0666.jpg
scene05,rgb-0667.jpg,depth-0667.jpg
scene05,rgb-0668.jpg,depth-0668.jpg
scene05,rgb-0669.jpg,depth-0669.jpg
scene05,rgb-0670.jpg,depth-0670.jpg
scene05,rgb-0671.jpg,depth-0671.jpg
scene05,rgb-0672.jpg,depth-0672.jpg
scene05,rgb-0673.jpg,depth-0673.jpg
scene05,rgb-0674.jpg,depth-0674.jpg
scene05,rgb-0675.jpg,depth-0675.jpg
scene05,rgb-0676.jpg,depth-0676.jpg
scene05,rgb-0677.jpg,depth-0677.jpg
scene05,rgb-0678.jpg,depth-0678.jpg
scene05,rgb-0679.jpg,depth-0679.jpg
scene05,rgb-0680.jpg,depth-0680.jpg
scene05,rgb-0681.jpg,depth-0681.jpg
scene05,rgb-0682.jpg,depth-0682.jpg
scene05,rgb-0683.jpg,depth-0683.jpg
scene05,rgb-0684.jpg,depth-0684.jpg
scene05,rgb-0685.jpg,depth-0685.jpg
scene05,rgb-0686.jpg,depth-0686.jpg
scene05,rgb-0687.jpg,depth-0687.jpg
scene05,rgb-0688.jpg,depth-0688.jpg
scene05,rgb-0689.jpg,depth-0689.jpg
scene05,rgb-0690.jpg,depth-0690.jpg
scene05,rgb-0691.jpg,depth-0691.jpg
scene05,rgb-0692.jpg,depth-0692.jpg
scene05,rgb-0693.jpg,depth-0693.jpg
scene05,rgb-0694.jpg,depth-0694.jpg
scene05,rgb-0695.jpg,depth-0695.jpg
scene05,rgb-0696.jpg,depth-0696.jpg
scene05,rgb-0697.jpg,depth-0697.jpg
scene05,rgb-0698.jpg,depth-0698.jpg
scene05,rgb-0699.jpg,depth-0699.jpg
scene05,rgb-0700.jpg,depth-0700.jpg
scene05,rgb-0701.jpg,depth-0701.jpg
scene05,rgb-0702.jpg,depth-0702.jpg
scene05,rgb-0703.jpg,depth-0703.jpg
scene05,rgb-0704.jpg,depth-0704.jpg
scene05,rgb-0705.jpg,depth-0705.jpg
scene05,rgb-0706.jpg,depth-0706.jpg
scene05,rgb-0707.jpg,depth-0707.jpg
scene05,rgb-0708.jpg,depth-0708.jpg
scene05,rgb-0709.jpg,depth-0709.jpg
scene05,rgb-0710.jpg,depth-0710.jpg
scene05,rgb-0711.jpg,depth-0711.jpg
scene05,rgb-0712.jpg,depth-0712.jpg
scene05,rgb-0713.jpg,depth-0713.jpg
scene05,rgb-0714.jpg,depth-0714.jpg
scene05,rgb-0715.jpg,depth-0715.jpg
scene05,rgb-0716.jpg,depth-0716.jpg
scene05,rgb-0717.jpg,depth-0717.jpg
scene05,rgb-0718.jpg,depth-0718.jpg
scene05,rgb-0719.jpg,depth-0719.jpg
scene05,rgb-0720.jpg,depth-0720.jpg
scene05,rgb-0721.jpg,depth-0721.jpg
scene05,rgb-0722.jpg,depth-0722.jpg
scene05,rgb-0723.jpg,depth-0723.jpg
scene05,rgb-0724.jpg,depth-0724.jpg
scene05,rgb-0725.jpg,depth-0725.jpg
scene05,rgb-0726.jpg,depth-0726.jpg
